nom,flowminder__inflow_202604__static.matrix,flowminder__inflow__static.matrix,flowminder__outflow_202604__static.matrix,flowminder__outflow__static.matrix,flowminder_short_trips__ituri_subscriber_days_followup_20260608,flowminder_short_trips__ituri_subscriber_days_followup_20260608__static,flowminder_short_trips__ituri_subscriber_days_followup_20260608__static.matrix,flowminder_short_trips__ituri_subscriber_days_prior_20260503,flowminder_short_trips__ituri_subscriber_days_prior_20260503__static,flowminder_short_trips__ituri_subscriber_days_prior_20260503__static.matrix,flowminder_short_trips__nk_subscriber_days_followup_20260608,flowminder_short_trips__nk_subscriber_days_followup_20260608__static,flowminder_short_trips__nk_subscriber_days_followup_20260608__static.matrix,flowminder_short_trips__nk_subscriber_days_prior_20260503,flowminder_short_trips__nk_subscriber_days_prior_20260503__static,flowminder_short_trips__nk_subscriber_days_prior_20260503__static.matrix,flowminder_short_trips__outflow_20260430,flowminder_short_trips__outflow_20260430__static,flowminder_short_trips__outflow_20260430__static.matrix,flowminder_short_trips__outflow_20260507,flowminder_short_trips__outflow_20260507__static,flowminder_short_trips__outflow_20260507__static.matrix,flowminder_short_trips__outflow_20260514,flowminder_short_trips__outflow_20260514__static,flowminder_short_trips__outflow_20260514__static.matrix,flowminder_short_trips__outflow_20260521,flowminder_short_trips__outflow_20260521__static,flowminder_short_trips__outflow_20260521__static.matrix,flowminder_short_trips__outflow_20260524,flowminder_short_trips__outflow_20260524__static,flowminder_short_trips__outflow_20260524__static.matrix
Aba,0.0,0.0,0.0,0.0,0.0005129,0.0005129,,0.0004711,0.0004711,,0.0002419,0.0002419,,0.0001674,0.0001674,,0.01,0.01,,0.02,0.02,,0.02,0.02,,0.02,0.02,,0.02,0.02,
Adi,890,1130.0,455,1130.0,0.001032,0.001032,,0.001081,0.001081,,0.0003277,0.0003277,,0.0001266,0.0001266,,0.02,0.02,,0.03,0.03,,0.03,0.03,,0.04,0.04,,0.05,0.05,
Adja,,0.0,,0.0,9.118e-06,9.118e-06,,5.319e-05,5.319e-05,,1.969e-05,1.969e-05,,5.063e-05,5.063e-05,,0.0,0.0,,0.01,0.01,,0.01,0.01,,0.01,0.01,,0.01,0.01,
Aketi,0.0,0.0,0.0,0.0,5.775e-05,5.775e-05,,1.52e-05,1.52e-05,,0.0004022,0.0004022,,0.0004191,0.0004191,,,,,,,,,,,,,,,,
Alimbongo,0.0,0.0,0.0,0.0,0.0005093,0.0005093,,0.0004673,0.0004673,,0.01056,0.01056,,0.01031,0.01031,,0.01,0.01,,0.01,0.01,,0.02,0.02,,0.03,0.03,,0.03,0.03,
Alunguli,0.0,0.0,0.0,0.0,3.571e-05,3.571e-05,,4.255e-05,4.255e-05,,0.0004303,0.0004303,,0.0006286,0.0006286,,,,,,,,,,,,,,,,
Ango,,0.0,,0.0,0.0,0.0,,1.52e-06,1.52e-06,,0.0,0.0,,0.0001828,0.0001828,,,,,,,,,,,,,,,,
Angumu,,0.0,,0.0,0.01238,0.01238,,0.01216,0.01216,,0.0003206,0.0003206,,4.219e-05,4.219e-05,,0.13,0.13,,0.18,0.18,,0.23,0.23,,0.26,0.26,,0.28,0.28,
Ankoro,0.0,0.0,0.0,0.0,1.52e-06,1.52e-06,,3.039e-06,3.039e-06,,0.0,0.0,,2.813e-06,2.813e-06,,,,,,,,,,,,,,,,
Ariwara,248,198.0,200,198.0,0.01072,0.01072,,0.01177,0.01177,,0.005159,0.005159,,0.005553,0.005553,,0.13,0.13,,0.2,0.2,,0.24,0.24,,0.3,0.3,,0.31,0.31,
Aru,65,68.0,48,68.0,0.01857,0.01857,,0.01953,0.01953,,0.005552,0.005552,,0.006326,0.006326,,0.24,0.24,,0.37,0.37,,0.48,0.48,,0.58,0.58,,0.61,0.61,
Aungba,,0.0,,0.0,0.008901,0.008901,,0.008864,0.008864,,0.002858,0.002858,,0.002581,0.002581,,0.1,0.1,,0.17,0.17,,0.25,0.25,,0.31,0.31,,0.34,0.34,
Bafwagbogbo,,0.0,0.0,0.0,0.0005463,0.0005463,,0.0007026,0.0007026,,0.005993,0.005993,,0.006189,0.006189,,0.01,0.01,,0.01,0.01,,0.01,0.01,,0.02,0.02,,0.02,0.02,
Bafwasende,0.0,0.0,0.0,0.0,0.00277,0.00277,,0.002743,0.002743,,0.005608,0.005608,,0.004806,0.004806,,0.05,0.05,,0.09,0.09,,0.12,0.12,,0.15,0.15,,0.16,0.16,
Bagata,0.0,0.0,0.0,0.0,0.0,0.0,,1.52e-06,1.52e-06,,2.813e-06,2.813e-06,,2.813e-06,2.813e-06,,,,,,,,,,,,,,,,
Bagira,,,,,,,,,,,,,,,,,,,,,,,,,,,,,,,
Baka,0.0,0.0,0.0,0.0,3.039e-06,3.039e-06,,0.0,0.0,,0.0,0.0,,0.0,0.0,,,,,,,,,,,,,,,,
Bambo,0.0,0.0,0.0,0.0,0.0003989,0.0003989,,0.0001337,0.0001337,,0.0002728,0.0002728,,0.000128,0.000128,,0.0,0.0,,0.0,0.0,,0.01,0.01,,0.01,0.01,,0.01,0.01,
Bambu,0.0,0.0,0.0,0.0,0.8123,0.8123,,0.7674,0.7674,,0.003188,0.003188,,0.003387,0.003387,,6.45,6.45,,8.39,8.39,,9.99,9.99,,11.15,11.15,,11.98,11.98,
Banalia,0.0,0.0,0.0,0.0,0.000297,0.000297,,0.0004349,0.0004349,,0.002254,0.002254,,0.002691,0.002691,,0.0,0.0,,0.01,0.01,,0.01,0.01,,0.02,0.02,,0.02,0.02,
Bandalungwa,0.0,0.0,,0.0,0.0009974,0.0009974,,0.001615,0.001615,,0.0008944,0.0008944,,0.001423,0.001423,,0.02,0.02,,0.04,0.04,,0.05,0.05,,0.06,0.06,,0.06,0.06,
Bandundu,0.0,0.0,0.0,0.0,2.28e-05,2.28e-05,,1.52e-05,1.52e-05,,1.688e-05,1.688e-05,,4.782e-05,4.782e-05,,,,,,,,,,,,,,,,
Banga Lubaka,0.0,0.0,0.0,0.0,1.52e-06,1.52e-06,,0.0,0.0,,0.0,0.0,,0.0,0.0,,,,,,,,,,,,,,,,
Bangabola,0.0,0.0,0.0,0.0,0.0,0.0,,0.0,0.0,,0.0,0.0,,0.0,0.0,,,,,,,,,,,,,,,,
Banzow Moke,0.0,0.0,0.0,0.0,0.0,0.0,,0.0,0.0,,0.0,0.0,,0.0,0.0,,,,,,,,,,,,,,,,
Barumbu,0.0,0.0,,0.0,0.0007006,0.0007006,,0.0009579,0.0009579,,0.001328,0.001328,,0.001233,0.001233,,0.02,0.02,,0.03,0.03,,0.04,0.04,,0.05,0.05,,0.05,0.05,
Basankusu,0.0,0.0,0.0,0.0,0.0,0.0,,6.079e-06,6.079e-06,,0.0,0.0,,0.0,0.0,,,,,,,,,,,,,,,,
Basoko,0.0,0.0,0.0,0.0,0.0001596,0.0001596,,7.269e-05,7.269e-05,,0.0007643,0.0007643,,0.0005379,0.0005379,,0.0,0.0,,0.0,0.0,,0.01,0.01,,0.01,0.01,,0.01,0.01,
Befale,0.0,0.0,0.0,0.0,0.0,0.0,,0.0,0.0,,0.0,0.0,,0.0,0.0,,,,,,,,,,,,,,,,
Bena Dibele,0.0,0.0,0.0,0.0,0.0,0.0,,0.0,0.0,,0.0,0.0,,0.0,0.0,,,,,,,,,,,,,,,,
Bena Leka,0.0,0.0,0.0,0.0,1.52e-06,1.52e-06,,0.0,0.0,,0.0,0.0,,0.0,0.0,,,,,,,,,,,,,,,,
Bena Tshadi,0.0,0.0,0.0,0.0,0.0,0.0,,0.0,0.0,,0.0,0.0,,0.0,0.0,,,,,,,,,,,,,,,,
Bengamisa,0.0,0.0,0.0,0.0,5.547e-05,5.547e-05,,6.687e-05,6.687e-05,,0.0001927,0.0001927,,0.0002663,0.0002663,,0.0,0.0,,0.0,0.0,,0.0,0.0,,0.01,0.01,,0.01,0.01,
Beni,,0.0,,0.0,0.02617,0.02617,,0.02895,0.02895,,,,1.644,,,1.698,0.34,0.34,,0.53,0.53,,0.71,0.71,,0.89,0.89,,0.96,0.96,
Bibanga,0.0,0.0,0.0,0.0,6.079e-06,6.079e-06,,1.52e-06,1.52e-06,,0.0,0.0,,0.0,0.0,,,,,,,,,,,,,,,,
Biena,0.0,0.0,0.0,0.0,0.0001774,0.0001774,,0.000231,0.000231,,0.02321,0.02321,,0.02247,0.02247,,0.0,0.0,,0.0,0.0,,0.01,0.01,,0.01,0.01,,0.01,0.01,
Bikoro,0.0,0.0,0.0,0.0,0.0,0.0,,1.52e-06,1.52e-06,,0.0,0.0,,2.813e-06,2.813e-06,,,,,,,,,,,,,,,,
Bili (Bas-Uele),0.0,0.0,0.0,0.0,0.0,0.0,,0.0,0.0,,0.0,0.0,,0.0,0.0,,,,,,,,,,,,,,,,
Binga,0.0,0.0,0.0,0.0,0.0,0.0,,1.52e-06,1.52e-06,,1.969e-05,1.969e-05,,1.406e-05,1.406e-05,,,,,,,,,,,,,,,,
Binza,0.0,,0.0,,,,,,,,,,,,,,,,,,,,,,,,,,,,
Binza Meteo,,0.0,,0.0,0.001126,0.001126,,0.001179,0.001179,,0.001097,0.001097,,0.001416,0.001416,,0.02,0.02,,0.03,0.03,,0.04,0.04,,0.04,0.04,,0.05,0.05,
Binza Ozone,,0.0,,0.0,0.002998,0.002998,,0.004234,0.004234,,0.003386,0.003386,,0.004465,0.004465,,0.05,0.05,,0.07,0.07,,0.08,0.08,,0.09,0.09,,0.09,0.09,
Bipemba,0.0,0.0,0.0,0.0,7.523e-05,7.523e-05,,0.0001246,0.0001246,,3.938e-05,3.938e-05,,7.439e-05,7.439e-05,,,,,,,,,,,,,,,,
Birambizo,0.0,0.0,0.0,0.0,3.039e-06,3.039e-06,,0.0,0.0,,1.125e-05,1.125e-05,,1.406e-05,1.406e-05,,,,,,,,,,,,,,,,
Biringi,36,29.0,34,29.0,0.01359,0.01359,,0.01373,0.01373,,0.003436,0.003436,,0.003796,0.003796,,0.17,0.17,,0.27,0.27,,0.36,0.36,,0.43,0.43,,0.46,0.46,
Biyela,0.0,0.0,0.0,0.0,0.0001064,0.0001064,,8.206e-05,8.206e-05,,2.813e-05,2.813e-05,,2.813e-05,2.813e-05,,0.0,0.0,,0.0,0.0,,0.0,0.0,,0.01,0.01,,0.01,0.01,
Boende,0.0,0.0,0.0,0.0,4.559e-06,4.559e-06,,9.118e-06,9.118e-06,,0.0,0.0,,5.344e-05,5.344e-05,,,,,,,,,,,,,,,,
Boga,0.0,0.0,,0.0,0.02424,0.02424,,0.03444,0.03444,,0.001244,0.001244,,0.002609,0.002609,,0.22,0.22,,0.54,0.54,,0.59,0.59,,0.64,0.64,,0.66,0.66,
Bogosenubea,0.0,0.0,0.0,0.0,0.0,0.0,,0.0,0.0,,0.0,0.0,,0.0,0.0,,,,,,,,,,,,,,,,
Boko,0.0,0.0,0.0,0.0,4.255e-05,4.255e-05,,9.118e-06,9.118e-06,,1.406e-05,1.406e-05,,1.406e-05,1.406e-05,,,,,,,,,,,,,,,,
Boko Kivulu,0.0,0.0,0.0,0.0,1.216e-05,1.216e-05,,2.28e-05,2.28e-05,,4.5e-05,4.5e-05,,2.813e-05,2.813e-05,,,,,,,,,,,,,,,,
Bokonzi,0.0,0.0,0.0,0.0,0.0,0.0,,0.0,0.0,,0.0,0.0,,0.0,0.0,,,,,,,,,,,,,,,,
Bokoro,0.0,0.0,0.0,0.0,7.599e-06,7.599e-06,,7.599e-06,7.599e-06,,0.0,0.0,,8.438e-06,8.438e-06,,,,,,,,,,,,,,,,
Bolenge,0.0,0.0,0.0,0.0,5.499e-05,5.499e-05,,1.216e-05,1.216e-05,,3.094e-05,3.094e-05,,3.918e-06,3.918e-06,,,,,,,,,,,,,,,,
Bolobo,0.0,0.0,0.0,0.0,7.044e-05,7.044e-05,,1.786e-05,1.786e-05,,2.953e-05,2.953e-05,,1.236e-05,1.236e-05,,,,,,,,,,,,,,,,
Bolomba,0.0,0.0,0.0,0.0,0.0,0.0,,0.0,0.0,,0.0,0.0,,0.0,0.0,,,,,,,,,,,,,,,,
Boma,,0.0,0.0,0.0,1.672e-05,1.672e-05,,0.0001132,0.0001132,,3.656e-05,3.656e-05,,6.188e-05,6.188e-05,,,,,,,,,,,,,,,,
Boma Bungu,0.0,0.0,0.0,0.0,4.559e-06,4.559e-06,,2.28e-05,2.28e-05,,2.813e-05,2.813e-05,,1.125e-05,1.125e-05,,,,,,,,,,,,,,,,
Boma Mangbetu,,0.0,,0.0,9.118e-06,9.118e-06,,7.143e-05,7.143e-05,,0.0001059,0.0001059,,0.0003417,0.0003417,,,,,,,,,,,,,,,,
Bomongo,0.0,0.0,,0.0,0.0,0.0,,1.064e-05,1.064e-05,,0.0,0.0,,1.969e-05,1.969e-05,,,,,,,,,,,,,,,,
Bondo,0.0,0.0,0.0,0.0,0.0001261,0.0001261,,0.0001505,0.0001505,,0.002967,0.002967,,0.00483,0.00483,,,,,,,,,,,,,,,,
Bonzola,0.0,0.0,0.0,0.0,7.371e-05,7.371e-05,,0.0001672,0.0001672,,5.766e-05,5.766e-05,,6.689e-05,6.689e-05,,,,,,,,,,,,,,,,
Boso Manzi,0.0,0.0,0.0,0.0,0.0,0.0,,2.659e-06,2.659e-06,,5.625e-06,5.625e-06,,0.0,0.0,,,,,,,,,,,,,,,,
Boso Mondanda,0.0,0.0,0.0,0.0,0.0,0.0,,1.52e-06,1.52e-06,,0.0,0.0,,1.266e-05,1.266e-05,,,,,,,,,,,,,,,,
Bosobe,0.0,0.0,0.0,0.0,0.0,0.0,,1.52e-06,1.52e-06,,0.0,0.0,,0.0,0.0,,,,,,,,,,,,,,,,
Bosobolo,0.0,0.0,0.0,0.0,0.0,0.0,,0.0,0.0,,0.0,0.0,,0.0,0.0,,,,,,,,,,,,,,,,
Bosondjo,0.0,0.0,0.0,0.0,0.0,0.0,,4.559e-06,4.559e-06,,0.0,0.0,,0.0,0.0,,,,,,,,,,,,,,,,
Boto,0.0,0.0,0.0,0.0,0.0,0.0,,0.0,0.0,,0.0,0.0,,0.0,0.0,,,,,,,,,,,,,,,,
Budjala,0.0,0.0,0.0,0.0,3.039e-06,3.039e-06,,3.039e-06,3.039e-06,,0.0,0.0,,0.0,0.0,,,,,,,,,,,,,,,,
Bukama,0.0,0.0,0.0,0.0,0.0,0.0,,0.0,0.0,,0.0,0.0,,0.0,0.0,,,,,,,,,,,,,,,,
Bulu,0.0,0.0,0.0,0.0,0.0,0.0,,3.039e-06,3.039e-06,,5.625e-06,5.625e-06,,1.125e-05,1.125e-05,,,,,,,,,,,,,,,,
Bulungu,,0.0,0.0,0.0,7.599e-06,7.599e-06,,0.0,0.0,,2.813e-06,2.813e-06,,2.813e-06,2.813e-06,,,,,,,,,,,,,,,,
Bumbu,,0.0,,0.0,0.000114,0.000114,,8.89e-05,8.89e-05,,0.000135,0.000135,,0.0002398,0.0002398,,0.0,0.0,,0.01,0.01,,0.01,0.01,,0.01,0.01,,0.01,0.01,
Bunia,,0.0,,0.0,,,1.085,,,1.153,0.08423,0.08423,,0.08954,0.08954,,,,11.0,,,15.11,,,18.21,,,20.6,,,21.55
Bunkeya,0.0,0.0,0.0,0.0,3.039e-06,3.039e-06,,0.0,0.0,,2.813e-06,2.813e-06,,0.0,0.0,,,,,,,,,,,,,,,,
Bunkonde,0.0,0.0,0.0,0.0,,,,,,,,,,,,,,,,,,,,,,,,,,,
Bunyakiri,0.0,0.0,0.0,0.0,1.52e-06,1.52e-06,,7.599e-06,7.599e-06,,0.0006328,0.0006328,,0.0007032,0.0007032,,,,,,,,,,,,,,,,
Busanga,0.0,0.0,0.0,0.0,0.0,0.0,,0.0,0.0,,0.0,0.0,,1.406e-05,1.406e-05,,,,,,,,,,,,,,,,
Buta,,0.0,,0.0,0.0001344,0.0001344,,0.001036,0.001036,,0.001273,0.001273,,0.001631,0.001631,,0.01,0.01,,0.02,0.02,,0.02,0.02,,0.02,0.02,,0.02,0.02,
Butembo,,0.0,,0.0,0.03058,0.03058,,0.03324,0.03324,,,,1.644,,,1.698,0.35,0.35,,0.5,0.5,,0.64,0.64,,0.79,0.79,,0.84,0.84,
Butumba,0.0,,0.0,,,,,,,,,,,,,,,,,,,,,,,,,,,,
Bwamanda,0.0,0.0,0.0,0.0,1.52e-06,1.52e-06,,0.0,0.0,,0.0,0.0,,0.0,0.0,,,,,,,,,,,,,,,,
Citenge,0.0,,0.0,,,,,,,,,,,,,,,,,,,,,,,,,,,,
Damas,,0.0,,0.0,0.1966,0.1966,,0.2145,0.2145,,0.001714,0.001714,,0.001844,0.001844,,1.87,1.87,,2.6,2.6,,2.91,2.91,,3.2,3.2,,3.32,3.32,
Dekese,0.0,0.0,0.0,0.0,0.0,0.0,,0.0,0.0,,0.0,0.0,,0.0,0.0,,,,,,,,,,,,,,,,
Demba,0.0,0.0,0.0,0.0,1.52e-06,1.52e-06,,0.0,0.0,,2.813e-06,2.813e-06,,0.0,0.0,,,,,,,,,,,,,,,,
Dibaya,0.0,,0.0,,,,,,,,,,,,,,,,,,,,,,,,,,,,
Dibindi,0.0,0.0,0.0,0.0,1.52e-05,1.52e-05,,3.039e-05,3.039e-05,,8.438e-06,8.438e-06,,5.625e-06,5.625e-06,,,,,,,,,,,,,,,,
Dikungu,0.0,0.0,0.0,0.0,0.0,0.0,,0.0,0.0,,3.938e-05,3.938e-05,,5.625e-06,5.625e-06,,,,,,,,,,,,,,,,
Dilala,0.0,0.0,0.0,0.0,5.167e-05,5.167e-05,,4.559e-06,4.559e-06,,5.907e-05,5.907e-05,,5.625e-06,5.625e-06,,,,,,,,,,,,,,,,
Dilolo,0.0,0.0,0.0,0.0,0.0,0.0,,0.0,0.0,,2.813e-06,2.813e-06,,0.0,0.0,,,,,,,,,,,,,,,,
Diulu,0.0,0.0,0.0,0.0,4.103e-05,4.103e-05,,7.751e-05,7.751e-05,,5.203e-05,5.203e-05,,5.063e-05,5.063e-05,,,,,,,,,,,,,,,,
Djalo Ndjeka,0.0,0.0,0.0,0.0,0.0,0.0,,0.0,0.0,,0.0,0.0,,1.125e-05,1.125e-05,,,,,,,,,,,,,,,,
Djolu,0.0,0.0,0.0,0.0,0.0,0.0,,0.0,0.0,,2.531e-05,2.531e-05,,0.0,0.0,,,,,,,,,,,,,,,,
Djuma,0.0,0.0,0.0,0.0,0.0,0.0,,0.0,0.0,,0.0,0.0,,0.0,0.0,,,,,,,,,,,,,,,,
Doruma,17,0.0,,0.0,0.0,0.0,,6.079e-06,6.079e-06,,0.0,0.0,,4.078e-05,4.078e-05,,,,,,,,,,,,,,,,
Drodro,,0.0,,0.0,0.08585,0.08585,,0.1026,0.1026,,0.001836,0.001836,,0.001951,0.001951,,1.32,1.32,,1.97,1.97,,2.4,2.4,,2.76,2.76,,2.89,2.89,
Dungu,248,283.0,236,283.0,0.004666,0.004666,,0.003958,0.003958,,0.00938,0.00938,,0.01012,0.01012,,0.05,0.05,,0.08,0.08,,0.1,0.1,,0.12,0.12,,0.14,0.14,
Faradje,239,256.0,370,256.0,0.0005281,0.0005281,,0.0006512,0.0006512,,0.0009828,0.0009828,,0.000938,0.000938,,0.01,0.01,,0.01,0.01,,0.02,0.02,,0.02,0.02,,0.03,0.03,
Fataki,,0.0,,0.0,0.03742,0.03742,,0.05076,0.05076,,0.001754,0.001754,,0.002265,0.002265,,0.51,0.51,,0.82,0.82,,1.06,1.06,,1.27,1.27,,1.35,1.35,
Ferekeni,0.0,0.0,0.0,0.0,0.0,0.0,,1.52e-06,1.52e-06,,2.813e-06,2.813e-06,,0.0001181,0.0001181,,,,,,,,,,,,,,,,
Feshi,0.0,0.0,0.0,0.0,0.0,0.0,,0.0,0.0,,0.0,0.0,,0.0,0.0,,,,,,,,,,,,,,,,
Fizi,,0.0,,0.0,1.976e-05,1.976e-05,,2.622e-05,2.622e-05,,0.0001406,0.0001406,,0.0001652,0.0001652,,,,,,,,,,,,,,,,
Fungurume,0.0,0.0,0.0,0.0,3.229e-05,3.229e-05,,6.839e-05,6.839e-05,,4.5e-05,4.5e-05,,4.313e-05,4.313e-05,,,,,,,,,,,,,,,,
Ganga,,0.0,,0.0,2.28e-05,2.28e-05,,7.219e-05,7.219e-05,,0.0002875,0.0002875,,0.0004022,0.0004022,,,,,,,,,,,,,,,,
Gbadolite,0.0,0.0,0.0,0.0,1.368e-05,1.368e-05,,2.394e-05,2.394e-05,,0.0,0.0,,7.032e-05,7.032e-05,,,,,,,,,,,,,,,,
Gemena,0.0,0.0,0.0,0.0,2.128e-05,2.128e-05,,4.711e-05,4.711e-05,,0.000225,0.000225,,0.0006118,0.0006118,,,,,,,,,,,,,,,,
Gety,0.0,0.0,0.0,0.0,0.2987,0.2987,,0.3174,0.3174,,0.002639,0.002639,,0.003246,0.003246,,1.61,1.61,,2.18,2.18,,2.45,2.45,,2.69,2.69,,2.77,2.77,
Goma,,0.0,,0.0,0.004881,0.004881,,0.00579,0.00579,,0.02733,0.02733,,0.03331,0.03331,,0.06,0.06,,0.08,0.08,,0.11,0.11,,0.13,0.13,,0.14,0.14,
Gombari,116,108.0,134,108.0,0.01071,0.01071,,0.01107,0.01107,,0.02503,0.02503,,0.02907,0.02907,,0.13,0.13,,0.2,0.2,,0.24,0.24,,0.29,0.29,,0.31,0.31,
Gombe,,0.0,,0.0,0.004743,0.004743,,0.006544,0.006544,,0.004941,0.004941,,0.006202,0.006202,,0.07,0.07,,0.09,0.09,,0.11,0.11,,0.12,0.12,,0.13,0.13,
Gombe Matadi,0.0,0.0,0.0,0.0,0.0001353,0.0001353,,4.559e-05,4.559e-05,,4.782e-05,4.782e-05,,0.0002644,0.0002644,,,,,,,,,,,,,,,,
Gungu,0.0,0.0,0.0,0.0,0.0,0.0,,0.0,0.0,,0.0,0.0,,0.0,0.0,,,,,,,,,,,,,,,,
Haut Plateau,0.0,,0.0,,,,,,,,,,,,,,,,,,,,,,,,,,,,
Ibanda,,0.0,,0.0,0.002417,0.002417,,0.002096,0.002096,,0.01033,0.01033,,0.009412,0.009412,,0.02,0.02,,0.03,0.03,,0.04,0.04,,0.05,0.05,,0.05,0.05,
Idiofa,0.0,0.0,0.0,0.0,2.28e-05,2.28e-05,,1.52e-06,1.52e-06,,5.625e-06,5.625e-06,,2.813e-06,2.813e-06,,,,,,,,,,,,,,,,
Idjwi,0.0,,0.0,,,,,,,,,,,,,,,,,,,,,,,,,,,,
Ikela,0.0,0.0,0.0,0.0,,,,,,,,,,,,,,,,,,,,,,,,,,,
Ilebo,0.0,0.0,0.0,0.0,0.0,0.0,,0.0,0.0,,0.0,0.0,,0.0,0.0,,,,,,,,,,,,,,,,
Inga,0.0,0.0,0.0,0.0,4.559e-06,4.559e-06,,1.52e-05,1.52e-05,,2.25e-05,2.25e-05,,8.438e-06,8.438e-06,,,,,,,,,,,,,,,,
Ingende,0.0,0.0,0.0,0.0,0.0,0.0,,0.0,0.0,,0.0,0.0,,0.0,0.0,,,,,,,,,,,,,,,,
Inongo,0.0,0.0,0.0,0.0,0.0,0.0,,0.0,0.0,,0.0,0.0,,3.938e-05,3.938e-05,,,,,,,,,,,,,,,,
Ipamu,0.0,0.0,0.0,0.0,0.0,0.0,,0.0,0.0,,0.0,0.0,,0.0,0.0,,,,,,,,,,,,,,,,
Irebu,0.0,0.0,0.0,0.0,3.384e-05,3.384e-05,,7.978e-06,7.978e-06,,1.313e-05,1.313e-05,,2.813e-06,2.813e-06,,,,,,,,,,,,,,,,
Isangi,0.0,0.0,0.0,0.0,0.000334,0.000334,,0.0001965,0.0001965,,0.0002651,0.0002651,,0.0003572,0.0003572,,0.0,0.0,,0.01,0.01,,0.01,0.01,,0.01,0.01,,0.01,0.01,
Isiro,30,21.0,19,21.0,0.006475,0.006475,,0.007736,0.007736,,0.01739,0.01739,,0.01763,0.01763,,0.09,0.09,,0.2,0.2,,0.24,0.24,,0.29,0.29,,0.32,0.32,
Itebero,0.0,0.0,0.0,0.0,3.039e-06,3.039e-06,,0.0,0.0,,9.001e-05,9.001e-05,,0.0002357,0.0002357,,,,,,,,,,,,,,,,
Itombwe,,,0.0,,,,,,,,,,,,,,,,,,,,,,,,,,,,
Kabalo,0.0,0.0,,0.0,2.28e-05,2.28e-05,,2.28e-05,2.28e-05,,0.0,0.0,,0.0,0.0,,,,,,,,,,,,,,,,
Kabambare,0.0,0.0,0.0,0.0,9.118e-06,9.118e-06,,6.079e-06,6.079e-06,,0.0,0.0,,5.625e-06,5.625e-06,,,,,,,,,,,,,,,,
Kabare,0.0,0.0,0.0,0.0,0.0004836,0.0004836,,0.0004624,0.0004624,,0.001306,0.001306,,0.001308,0.001308,,0.01,0.01,,0.01,0.01,,0.02,0.02,,0.03,0.03,,0.03,0.03,
Kabeya Kamwanga,0.0,0.0,0.0,0.0,1.368e-05,1.368e-05,,4.559e-06,4.559e-06,,1.969e-05,1.969e-05,,8.438e-06,8.438e-06,,,,,,,,,,,,,,,,
Kabinda,0.0,0.0,0.0,0.0,1.824e-05,1.824e-05,,3.039e-06,3.039e-06,,0.0,0.0,,2.813e-06,2.813e-06,,,,,,,,,,,,,,,,
Kabondo,,0.0,,0.0,0.007305,0.007305,,0.01047,0.01047,,0.01647,0.01647,,0.01805,0.01805,,0.1,0.1,,0.14,0.14,,0.18,0.18,,0.21,0.21,,0.22,0.22,
Kabondo Dianda,0.0,0.0,0.0,0.0,0.0,0.0,,0.0,0.0,,0.0,0.0,,0.0,0.0,,,,,,,,,,,,,,,,
Kabongo,0.0,0.0,0.0,0.0,0.0,0.0,,0.0,0.0,,0.0,0.0,,0.0,0.0,,,,,,,,,,,,,,,,
Kadutu,,0.0,0.0,0.0,0.001586,0.001586,,0.001034,0.001034,,0.007888,0.007888,,0.007007,0.007007,,0.01,0.01,,0.02,0.02,,0.03,0.03,,0.04,0.04,,0.04,0.04,
Kafakumba,0.0,,0.0,,,,,,,,,,,,,,,,,,,,,,,,,,,,
Kafubu,0.0,0.0,0.0,0.0,6.17e-05,6.17e-05,,6.839e-05,6.839e-05,,0.0001216,0.0001216,,0.000256,0.000256,,,,,,,,,,,,,,,,
Kahemba,0.0,0.0,0.0,0.0,0.0,0.0,,0.0,0.0,,0.0,0.0,,0.0,0.0,,,,,,,,,,,,,,,,
Kailo,0.0,0.0,0.0,0.0,3.077e-05,3.077e-05,,2.432e-05,2.432e-05,,0.0002363,0.0002363,,0.0003699,0.0003699,,,,,,,,,,,,,,,,
Kajiji,0.0,0.0,0.0,0.0,0.0,0.0,,0.0,0.0,,0.0,0.0,,0.0,0.0,,,,,,,,,,,,,,,,
Kakenge,0.0,0.0,0.0,0.0,0.0,0.0,,0.0,0.0,,0.0,0.0,,0.0,0.0,,,,,,,,,,,,,,,,
Kalamba,0.0,0.0,0.0,0.0,0.0,0.0,,0.0,0.0,,0.0,0.0,,0.0,0.0,,,,,,,,,,,,,,,,
Kalambayi Kabanga,0.0,0.0,0.0,0.0,,,,,,,,,,,,,,,,,,,,,,,,,,,
Kalamu 1,,0.0,,0.0,0.001342,0.001342,,0.002217,0.002217,,0.001183,0.001183,,0.001514,0.001514,,0.03,0.03,,0.05,0.05,,0.06,0.06,,0.08,0.08,,0.08,0.08,
Kalamu 2,0.0,0.0,0.0,0.0,0.0003009,0.0003009,,0.0004654,0.0004654,,0.0002039,0.0002039,,0.0003361,0.0003361,,0.01,0.01,,0.01,0.01,,0.01,0.01,,0.02,0.02,,0.02,0.02,
Kalehe,0.0,0.0,0.0,0.0,0.0005364,0.0005364,,5.319e-05,5.319e-05,,0.001222,0.001222,,0.001148,0.001148,,0.0,0.0,,0.0,0.0,,0.0,0.0,,0.0,0.0,,0.01,0.01,
Kalemie,,0.0,,0.0,0.000247,0.000247,,0.00031,0.00031,,0.000322,0.000322,,0.0006694,0.0006694,,0.0,0.0,,0.0,0.0,,0.01,0.01,,0.01,0.01,,0.01,0.01,
Kalenda,0.0,0.0,0.0,0.0,0.0,0.0,,0.0,0.0,,0.0,0.0,,0.0,0.0,,,,,,,,,,,,,,,,
Kalima,0.0,0.0,,0.0,0.0001991,0.0001991,,0.0001808,0.0001808,,0.0009774,0.0009774,,0.0007214,0.0007214,,,,,,,,,,,,,,,,
Kalole,0.0,0.0,0.0,0.0,1.064e-05,1.064e-05,,0.0,0.0,,1.688e-05,1.688e-05,,0.0,0.0,,,,,,,,,,,,,,,,
Kalonda Est,0.0,0.0,0.0,0.0,0.0,0.0,,0.0,0.0,,0.0,0.0,,0.0,0.0,,,,,,,,,,,,,,,,
Kalonda Ouest,0.0,0.0,0.0,0.0,8.206e-05,8.206e-05,,9.118e-06,9.118e-06,,0.0001041,0.0001041,,5.344e-05,5.344e-05,,,,,,,,,,,,,,,,
Kalonge,0.0,0.0,0.0,0.0,0.0,0.0,,0.0,0.0,,0.0002194,0.0002194,,0.0002053,0.0002053,,,,,,,,,,,,,,,,
Kalunguta,0.0,0.0,,0.0,0.008103,0.008103,,0.007899,0.007899,,0.5234,0.5234,,0.5897,0.5897,,0.15,0.15,,0.28,0.28,,0.38,0.38,,0.51,0.51,,0.55,0.55,
Kamalondo,0.0,0.0,0.0,0.0,6.155e-05,6.155e-05,,2.887e-05,2.887e-05,,0.0003361,0.0003361,,0.0002531,0.0002531,,,,,,,,,,,,,,,,
Kamana,0.0,0.0,0.0,0.0,3.039e-06,3.039e-06,,1.52e-06,1.52e-06,,0.0,0.0,,0.0,0.0,,,,,,,,,,,,,,,,
Kamango,0.0,0.0,,0.0,0.0002368,0.0002368,,0.0003737,0.0003737,,0.01242,0.01242,,0.01583,0.01583,,0.01,0.01,,0.01,0.01,,0.01,0.01,,0.01,0.01,,0.01,0.01,
Kambala,,0.0,17,0.0,0.01153,0.01153,,0.01088,0.01088,,0.001276,0.001276,,0.001105,0.001105,,0.15,0.15,,0.26,0.26,,0.38,0.38,,0.48,0.48,,0.53,0.53,
Kambove,0.0,0.0,0.0,0.0,1.824e-05,1.824e-05,,5.471e-05,5.471e-05,,8.157e-05,8.157e-05,,3.094e-05,3.094e-05,,,,,,,,,,,,,,,,
Kamina,0.0,0.0,0.0,0.0,0.0,0.0,,0.0,0.0,,0.0,0.0,,4.078e-06,4.078e-06,,,,,,,,,,,,,,,,
Kamituga,0.0,0.0,0.0,0.0,0.0001269,0.0001269,,1.824e-05,1.824e-05,,0.0001603,0.0001603,,0.0001098,0.0001098,,,,,,,,,,,,,,,,
Kamonia,0.0,0.0,0.0,0.0,0.0,0.0,,0.0,0.0,,0.0,0.0,,0.0,0.0,,,,,,,,,,,,,,,,
Kampemba,0.0,0.0,0.0,0.0,8.89e-05,8.89e-05,,0.000114,0.000114,,0.0003699,0.0003699,,0.0002447,0.0002447,,,,,,,,,,,,,,,,
Kampene,0.0,0.0,0.0,0.0,1.52e-06,1.52e-06,,0.0,0.0,,0.0002053,0.0002053,,2.813e-06,2.813e-06,,,,,,,,,,,,,,,,
Kamwesha,0.0,0.0,0.0,0.0,1.216e-05,1.216e-05,,1.52e-06,1.52e-06,,4.078e-05,4.078e-05,,0.0,0.0,,,,,,,,,,,,,,,,
Kananga,0.0,0.0,0.0,0.0,6.991e-05,6.991e-05,,3.951e-05,3.951e-05,,1.688e-05,1.688e-05,,2.813e-05,2.813e-05,,,,,,,,,,,,,,,,
Kanda Kanda,0.0,0.0,0.0,0.0,0.0,0.0,,0.0,0.0,,2.813e-06,2.813e-06,,2.813e-06,2.813e-06,,,,,,,,,,,,,,,,
Kangu,0.0,0.0,0.0,0.0,3.039e-06,3.039e-06,,1.52e-06,1.52e-06,,1.125e-05,1.125e-05,,0.0,0.0,,,,,,,,,,,,,,,,
Kaniama,0.0,0.0,0.0,0.0,1.52e-06,1.52e-06,,0.0,0.0,,0.0,0.0,,0.0,0.0,,,,,,,,,,,,,,,,
Kaniola,0.0,,0.0,,,,,,,,,,,,,,,,,,,,,,,,,,,,
Kansele,0.0,0.0,0.0,0.0,2.735e-05,2.735e-05,,6.535e-05,6.535e-05,,1.969e-05,1.969e-05,,2.25e-05,2.25e-05,,,,,,,,,,,,,,,,
Kansimba,0.0,0.0,0.0,0.0,1.52e-06,1.52e-06,,9.118e-06,9.118e-06,,1.969e-05,1.969e-05,,5.625e-05,5.625e-05,,,,,,,,,,,,,,,,
Kanzala,0.0,0.0,0.0,0.0,0.0001398,0.0001398,,4.863e-05,4.863e-05,,0.0002067,0.0002067,,9.563e-05,9.563e-05,,,,,,,,,,,,,,,,
Kanzenze,0.0,0.0,0.0,0.0,0.0,0.0,,0.0,0.0,,0.0,0.0,,0.0,0.0,,,,,,,,,,,,,,,,
Kapanga,0.0,0.0,0.0,0.0,1.52e-06,1.52e-06,,0.0,0.0,,2.25e-05,2.25e-05,,0.0,0.0,,,,,,,,,,,,,,,,
Kapolowe,0.0,0.0,0.0,0.0,2.128e-05,2.128e-05,,2.735e-05,2.735e-05,,3.656e-05,3.656e-05,,3.188e-05,3.188e-05,,,,,,,,,,,,,,,,
Karawa,0.0,0.0,0.0,0.0,0.0,0.0,,1.52e-06,1.52e-06,,0.0,0.0,,8.438e-06,8.438e-06,,,,,,,,,,,,,,,,
Karisimbi,,0.0,,0.0,0.004168,0.004168,,0.005237,0.005237,,0.02799,0.02799,,0.03712,0.03712,,0.05,0.05,,0.08,0.08,,0.1,0.1,,0.13,0.13,,0.13,0.13,
Kasa Vubu,,0.0,,0.0,0.001605,0.001605,,0.00241,0.00241,,0.00124,0.00124,,0.001712,0.001712,,0.04,0.04,,0.05,0.05,,0.07,0.07,,0.08,0.08,,0.08,0.08,
Kasaji,0.0,0.0,0.0,0.0,0.0,0.0,,0.0,0.0,,5.625e-06,5.625e-06,,0.0,0.0,,,,,,,,,,,,,,,,
Kasansa,0.0,0.0,0.0,0.0,3.039e-06,3.039e-06,,1.52e-06,1.52e-06,,3.656e-05,3.656e-05,,0.0,0.0,,,,,,,,,,,,,,,,
Kasenga,0.0,0.0,0.0,0.0,0.0,0.0,,1.52e-06,1.52e-06,,2.391e-05,2.391e-05,,0.0,0.0,,,,,,,,,,,,,,,,
Kashobwe,0.0,0.0,0.0,0.0,0.0,0.0,,0.0,0.0,,0.0,0.0,,0.0,0.0,,,,,,,,,,,,,,,,
Kasongo,0.0,0.0,0.0,0.0,0.0,0.0,,0.0,0.0,,0.0001069,0.0001069,,6.469e-05,6.469e-05,,,,,,,,,,,,,,,,
Kasongo Lunda,0.0,0.0,0.0,0.0,0.0,0.0,,0.0,0.0,,5.625e-06,5.625e-06,,0.0,0.0,,,,,,,,,,,,,,,,
Katako Kombe,0.0,0.0,0.0,0.0,0.0,0.0,,0.0,0.0,,5.625e-06,5.625e-06,,5.344e-05,5.344e-05,,,,,,,,,,,,,,,,
Katana,0.0,0.0,,0.0,0.002497,0.002497,,0.001335,0.001335,,0.00221,0.00221,,0.001482,0.001482,,0.02,0.02,,0.03,0.03,,0.04,0.04,,0.06,0.06,,0.06,0.06,
Katende,0.0,0.0,0.0,0.0,9.118e-06,9.118e-06,,4.559e-06,4.559e-06,,5.625e-06,5.625e-06,,8.438e-06,8.438e-06,,,,,,,,,,,,,,,,
Katoka,,0.0,0.0,0.0,0.0001261,0.0001261,,0.0001654,0.0001654,,0.0001055,0.0001055,,5.063e-05,5.063e-05,,,,,,,,,,,,,,,,
Katoyi,0.0,0.0,0.0,0.0,1.064e-05,1.064e-05,,3.039e-06,3.039e-06,,6.891e-05,6.891e-05,,3.938e-05,3.938e-05,,,,,,,,,,,,,,,,
Katuba,0.0,0.0,0.0,0.0,3.039e-05,3.039e-05,,1.976e-05,1.976e-05,,8.438e-06,8.438e-06,,5.625e-06,5.625e-06,,,,,,,,,,,,,,,,
Katwa,,0.0,,0.0,0.05021,0.05021,,0.05049,0.05049,,,,1.644,,,1.698,0.41,0.41,,0.57,0.57,,0.73,0.73,,0.89,0.89,,0.96,0.96,
Kayamba,0.0,0.0,0.0,0.0,0.0,0.0,,0.0,0.0,,0.0,0.0,,0.0,0.0,,,,,,,,,,,,,,,,
Kayna,,0.0,0.0,0.0,0.002743,0.002743,,0.002142,0.002142,,0.02999,0.02999,,0.03045,0.03045,,0.03,0.03,,0.05,0.05,,0.07,0.07,,0.09,0.09,,0.1,0.1,
Kaziba,0.0,0.0,0.0,0.0,5.775e-05,5.775e-05,,0.0001075,0.0001075,,9.844e-05,9.844e-05,,3.656e-05,3.656e-05,,,,,,,,,,,,,,,,
Kenge,0.0,0.0,0.0,0.0,7.751e-05,7.751e-05,,9.118e-06,9.118e-06,,3.375e-05,3.375e-05,,1.969e-05,1.969e-05,,,,,,,,,,,,,,,,
Kenya,0.0,0.0,0.0,0.0,0.0001003,0.0001003,,4.559e-05,4.559e-05,,0.0004514,0.0004514,,0.0003024,0.0003024,,,,,,,,,,,,,,,,
Kiambi,0.0,,0.0,,,,,,,,,,,,,,,,,,,,,,,,,,,,
Kibirizi,0.0,,0.0,,,,,,,,,,,,,,,,,,,,,,,,,,,,
Kibombo,0.0,0.0,0.0,0.0,3.039e-06,3.039e-06,,0.0,0.0,,5.625e-05,5.625e-05,,2.813e-06,2.813e-06,,,,,,,,,,,,,,,,
Kibua,0.0,0.0,0.0,0.0,7.143e-05,7.143e-05,,5.015e-05,5.015e-05,,0.00063,0.00063,,0.001002,0.001002,,,,,,,,,,,,,,,,
Kibunzi,0.0,0.0,0.0,0.0,0.0,0.0,,0.0,0.0,,0.0,0.0,,0.0,0.0,,,,,,,,,,,,,,,,
Kikimi,,0.0,,0.0,0.0004823,0.0004823,,0.0006436,0.0006436,,0.000225,0.000225,,0.0003516,0.0003516,,0.01,0.01,,0.03,0.03,,0.04,0.04,,0.05,0.05,,0.05,0.05,
Kikongo,0.0,0.0,0.0,0.0,1.52e-06,1.52e-06,,0.0,0.0,,0.0,0.0,,0.0,0.0,,,,,,,,,,,,,,,,
Kikula,0.0,0.0,0.0,0.0,1.254e-05,1.254e-05,,2.659e-05,2.659e-05,,3.094e-05,3.094e-05,,0.0,0.0,,,,,,,,,,,,,,,,
Kikwit Nord,,0.0,0.0,0.0,8.13e-05,8.13e-05,,7.599e-06,7.599e-06,,8.86e-05,8.86e-05,,3.415e-05,3.415e-05,,,,,,,,,,,,,,,,
Kikwit Sud,0.0,0.0,0.0,0.0,5.319e-05,5.319e-05,,3.039e-06,3.039e-06,,2.813e-05,2.813e-05,,8.438e-06,8.438e-06,,,,,,,,,,,,,,,,
Kilela Balanda,0.0,0.0,0.0,0.0,0.0,0.0,,0.0,0.0,,0.0,0.0,,0.0,0.0,,,,,,,,,,,,,,,,
Kilo,0.0,,0.0,,,,,,,,,,,,,,,,,,,,,,,,,,,,
Kilwa,0.0,0.0,0.0,0.0,1.52e-06,1.52e-06,,0.0,0.0,,2.813e-06,2.813e-06,,5.625e-06,5.625e-06,,,,,,,,,,,,,,,,
Kimbanseke,,0.0,0.0,0.0,3.799e-05,3.799e-05,,8.434e-05,8.434e-05,,4.219e-05,4.219e-05,,6.188e-05,6.188e-05,,0.0,0.0,,0.0,0.0,,0.0,0.0,,0.01,0.01,,0.01,0.01,
Kimbao,0.0,0.0,0.0,0.0,0.0,0.0,,0.0,0.0,,0.0,0.0,,0.0,0.0,,,,,,,,,,,,,,,,
Kimbi Lulenge,,0.0,0.0,0.0,0.0001687,0.0001687,,2.28e-05,2.28e-05,,8.559e-05,8.559e-05,,0.0002447,0.0002447,,,,,,,,,,,,,,,,
Kimpangu,0.0,0.0,0.0,0.0,0.0,0.0,,0.0,0.0,,0.0,0.0,,0.0,0.0,,,,,,,,,,,,,,,,
Kimpese,0.0,0.0,0.0,0.0,4.141e-05,4.141e-05,,5.319e-05,5.319e-05,,5.907e-05,5.907e-05,,3.235e-05,3.235e-05,,,,,,,,,,,,,,,,
Kimvula,0.0,,0.0,,,,,,,,,,,,,,,,,,,,,,,,,,,,
Kinda,0.0,0.0,0.0,0.0,0.0,0.0,,0.0,0.0,,0.0,0.0,,0.0,0.0,,,,,,,,,,,,,,,,
Kindu,,0.0,,0.0,0.0004434,0.0004434,,0.0004146,0.0004146,,0.005098,0.005098,,0.005248,0.005248,,0.0,0.0,,0.01,0.01,,0.01,0.01,,0.01,0.01,,0.01,0.01,
Kingabwa,0.0,0.0,,0.0,0.0005927,0.0005927,,0.000851,0.000851,,0.0005246,0.0005246,,0.000759,0.000759,,0.01,0.01,,0.02,0.02,,0.03,0.03,,0.04,0.04,,0.04,0.04,
Kingandu,0.0,0.0,0.0,0.0,0.0,0.0,,0.0,0.0,,0.0,0.0,,0.0,0.0,,,,,,,,,,,,,,,,
Kingasani,,0.0,,0.0,0.0002857,0.0002857,,0.0004027,0.0004027,,0.0001195,0.0001195,,0.0001547,0.0001547,,0.01,0.01,,0.02,0.02,,0.02,0.02,,0.03,0.03,,0.03,0.03,
Kinkondja,0.0,0.0,0.0,0.0,0.0,0.0,,0.0,0.0,,0.0,0.0,,0.0,0.0,,,,,,,,,,,,,,,,
Kinkonzi,0.0,0.0,0.0,0.0,0.0,0.0,,0.0,0.0,,0.0,0.0,,0.0,0.0,,,,,,,,,,,,,,,,
Kinshasa,,0.0,,0.0,0.001394,0.001394,,0.002356,0.002356,,0.00218,0.00218,,0.002669,0.002669,,0.03,0.03,,0.05,0.05,,0.07,0.07,,0.08,0.08,,0.08,0.08,
Kintambo,,0.0,,0.0,0.001607,0.001607,,0.002123,0.002123,,0.0017,0.0017,,0.002351,0.002351,,0.03,0.03,,0.05,0.05,,0.06,0.06,,0.07,0.07,,0.07,0.07,
Kipushi,0.0,0.0,0.0,0.0,8.966e-05,8.966e-05,,0.0001071,0.0001071,,0.0001308,0.0001308,,0.0001697,0.0001697,,0.0,0.0,,0.0,0.0,,0.01,0.01,,0.01,0.01,,0.01,0.01,
Kiri,0.0,0.0,0.0,0.0,0.0,0.0,,0.0,0.0,,0.0,0.0,,0.0,0.0,,,,,,,,,,,,,,,,
Kirotshe,,,0.0,,,,,,,,,,,,,,,,,,,,,,,,,,,,
Kisanga,0.0,0.0,0.0,0.0,6.307e-05,6.307e-05,,4.23e-05,4.23e-05,,8.438e-05,8.438e-05,,7.125e-05,7.125e-05,,,,,,,,,,,,,,,,
Kisanji,0.0,0.0,0.0,0.0,0.0,0.0,,0.0,0.0,,0.0,0.0,,0.0,0.0,,,,,,,,,,,,,,,,
Kisantu,0.0,0.0,0.0,0.0,3.495e-05,3.495e-05,,4.711e-05,4.711e-05,,8.157e-05,8.157e-05,,5.907e-05,5.907e-05,,,,,,,,,,,,,,,,
Kisenso,,0.0,0.0,0.0,0.0002204,0.0002204,,0.0004179,0.0004179,,0.0001364,0.0001364,,0.0002939,0.0002939,,0.0,0.0,,0.01,0.01,,0.01,0.01,,0.01,0.01,,0.01,0.01,
Kitenda,0.0,0.0,0.0,0.0,0.0,0.0,,0.0,0.0,,0.0,0.0,,0.0,0.0,,,,,,,,,,,,,,,,
Kitenge,0.0,0.0,0.0,0.0,0.0,0.0,,0.0,0.0,,0.0,0.0,,0.0,0.0,,,,,,,,,,,,,,,,
Kitona,0.0,0.0,0.0,0.0,0.0,0.0,,1.064e-05,1.064e-05,,7.313e-05,7.313e-05,,4.5e-05,4.5e-05,,,,,,,,,,,,,,,,
Kitutu,0.0,0.0,0.0,0.0,2.432e-05,2.432e-05,,0.0,0.0,,3.094e-05,3.094e-05,,5.485e-06,5.485e-06,,,,,,,,,,,,,,,,
Kizu,0.0,0.0,0.0,0.0,0.0,0.0,,0.0,0.0,,0.0,0.0,,0.0,0.0,,,,,,,,,,,,,,,,
Kokolo,0.0,0.0,,0.0,0.00214,0.00214,,0.002689,0.002689,,0.001932,0.001932,,0.002685,0.002685,,0.04,0.04,,0.06,0.06,,0.07,0.07,,0.08,0.08,,0.09,0.09,
Kole,0.0,0.0,0.0,0.0,0.0,0.0,,0.0,0.0,,0.0,0.0,,0.0,0.0,,,,,,,,,,,,,,,,
Komanda,,0.0,,0.0,0.1874,0.1874,,0.2105,0.2105,,0.09076,0.09076,,0.1128,0.1128,,1.76,1.76,,2.55,2.55,,3.03,3.03,,3.46,3.46,,3.64,3.64,
Kongolo,0.0,0.0,0.0,0.0,1.064e-05,1.064e-05,,2.432e-05,2.432e-05,,6.328e-05,6.328e-05,,6.61e-05,6.61e-05,,,,,,,,,,,,,,,,
Koshibanda,0.0,0.0,0.0,0.0,0.0,0.0,,0.0,0.0,,0.0,0.0,,0.0,0.0,,,,,,,,,,,,,,,,
Kuimba,0.0,0.0,0.0,0.0,0.0,0.0,,0.0,0.0,,0.0,0.0,,0.0,0.0,,,,,,,,,,,,,,,,
Kunda,0.0,0.0,0.0,0.0,0.0,0.0,,0.0,0.0,,2.813e-06,2.813e-06,,5.063e-05,5.063e-05,,,,,,,,,,,,,,,,
Kungu,0.0,0.0,0.0,0.0,0.0,0.0,,0.0,0.0,,0.0,0.0,,0.0,0.0,,,,,,,,,,,,,,,,
Kwamouth,0.0,0.0,0.0,0.0,1.52e-05,1.52e-05,,1.254e-05,1.254e-05,,1.125e-05,1.125e-05,,8.438e-06,8.438e-06,,,,,,,,,,,,,,,,
Kwilu Ngongo,0.0,0.0,0.0,0.0,2.166e-05,2.166e-05,,4.407e-05,4.407e-05,,7.032e-05,7.032e-05,,2.813e-05,2.813e-05,,,,,,,,,,,,,,,,
Kyondo,,0.0,,0.0,0.006672,0.006672,,0.005093,0.005093,,0.332,0.332,,0.2914,0.2914,,0.07,0.07,,0.12,0.12,,0.17,0.17,,0.22,0.22,,0.25,0.25,
Laybo,235,339.0,227,339.0,0.0007135,0.0007135,,0.0008336,0.0008336,,0.0003839,0.0003839,,0.0005316,0.0005316,,0.02,0.02,,0.03,0.03,,0.04,0.04,,0.05,0.05,,0.06,0.06,
Lemba,,0.0,,0.0,0.001676,0.001676,,0.002317,0.002317,,0.00142,0.00142,,0.001533,0.001533,,0.02,0.02,,0.04,0.04,,0.06,0.06,,0.07,0.07,,0.07,0.07,
Lemera,0.0,,0.0,,,,,,,,,,,,,,,,,,,,,,,,,,,,
Libenge,0.0,0.0,0.0,0.0,0.0,0.0,,0.0,0.0,,0.0,0.0,,0.0,0.0,,,,,,,,,,,,,,,,
Likasi,0.0,0.0,0.0,0.0,3.381e-05,3.381e-05,,8.738e-05,8.738e-05,,3.094e-05,3.094e-05,,1.969e-05,1.969e-05,,,,,,,,,,,,,,,,
Likati,0.0,0.0,0.0,0.0,9.118e-06,9.118e-06,,1.824e-05,1.824e-05,,0.0005329,0.0005329,,0.0004163,0.0004163,,,,,,,,,,,,,,,,
Lilanga Bobangi,0.0,0.0,0.0,0.0,0.0,0.0,,0.0,0.0,,0.0,0.0,,0.0,0.0,,,,,,,,,,,,,,,,
Limete,,0.0,0.0,0.0,0.002669,0.002669,,0.003302,0.003302,,0.002298,0.002298,,0.002328,0.002328,,0.04,0.04,,0.07,0.07,,0.08,0.08,,0.1,0.1,,0.1,0.1,
Lingomo,0.0,0.0,0.0,0.0,0.0,0.0,,0.0,0.0,,0.0,0.0,,0.0,0.0,,,,,,,,,,,,,,,,
Lingwala,,0.0,,0.0,0.002237,0.002237,,0.003431,0.003431,,0.002275,0.002275,,0.003052,0.003052,,0.04,0.04,,0.06,0.06,,0.07,0.07,,0.09,0.09,,0.09,0.09,
Lisala,0.0,0.0,0.0,0.0,0.0001802,0.0001802,,8.308e-05,8.308e-05,,0.0005874,0.0005874,,0.0001551,0.0001551,,0.0,0.0,,0.0,0.0,,0.0,0.0,,0.01,0.01,,0.01,0.01,
Lita,0.0,0.0,,0.0,1.085,1.085,,1.153,1.153,,0.01745,0.01745,,0.01769,0.01769,,11.0,11.0,,15.11,15.11,,18.21,18.21,,20.6,20.6,,21.55,21.55,
Lodja,0.0,0.0,0.0,0.0,1.52e-05,1.52e-05,,3.647e-05,3.647e-05,,0.0003122,0.0003122,,0.0002531,0.0002531,,,,,,,,,,,,,,,,
Logo,,20.0,,20.0,0.04263,0.04263,,0.04759,0.04759,,0.001809,0.001809,,0.002022,0.002022,,0.48,0.48,,0.71,0.71,,0.92,0.92,,1.1,1.1,,1.17,1.17,
Loko,0.0,0.0,0.0,0.0,0.0,0.0,,2.659e-06,2.659e-06,,0.0,0.0,,8.438e-06,8.438e-06,,,,,,,,,,,,,,,,
Lolo,0.0,0.0,0.0,0.0,4.635e-05,4.635e-05,,9.118e-06,9.118e-06,,2.531e-05,2.531e-05,,8.438e-06,8.438e-06,,,,,,,,,,,,,,,,
Lolwa,0.0,0.0,0.0,0.0,0.01106,0.01106,,0.0133,0.0133,,0.01324,0.01324,,0.01592,0.01592,,0.23,0.23,,0.36,0.36,,0.46,0.46,,0.55,0.55,,0.59,0.59,
Lomela,0.0,0.0,0.0,0.0,0.0,0.0,,0.0,0.0,,7.875e-05,7.875e-05,,4.782e-05,4.782e-05,,,,,,,,,,,,,,,,
Lotumbe,0.0,0.0,0.0,0.0,0.0,0.0,,0.0,0.0,,0.0,0.0,,0.0,0.0,,,,,,,,,,,,,,,,
Luambo,0.0,0.0,0.0,0.0,0.0,0.0,,3.039e-06,3.039e-06,,0.0,0.0,,0.0,0.0,,,,,,,,,,,,,,,,
Lubero,,0.0,,0.0,0.001912,0.001912,,0.002124,0.002124,,0.07361,0.07361,,0.0853,0.0853,,0.03,0.03,,0.05,0.05,,0.07,0.07,,0.09,0.09,,0.1,0.1,
Lubilanji,0.0,0.0,0.0,0.0,0.0,0.0,,0.0,0.0,,0.0,0.0,,0.0,0.0,,,,,,,,,,,,,,,,
Lubudi,0.0,0.0,0.0,0.0,1.064e-05,1.064e-05,,3.647e-05,3.647e-05,,3.094e-05,3.094e-05,,1.406e-05,1.406e-05,,,,,,,,,,,,,,,,
Lubumbashi,0.0,0.0,,0.0,0.0007824,0.0007824,,0.0007801,0.0007801,,0.001342,0.001342,,0.001215,0.001215,,0.01,0.01,,0.01,0.01,,0.01,0.01,,0.02,0.02,,0.02,0.02,
Lubunga (Tshopo),,0.0,,0.0,0.001646,0.001646,,0.001908,0.001908,,0.002339,0.002339,,0.002326,0.002326,,0.03,0.03,,0.05,0.05,,0.07,0.07,,0.09,0.09,,0.09,0.09,
Lubutu,,0.0,0.0,0.0,0.0002154,0.0002154,,0.0003298,0.0003298,,0.001313,0.001313,,0.001903,0.001903,,0.01,0.01,,0.01,0.01,,0.02,0.02,,0.02,0.02,,0.02,0.02,
Luebo,0.0,0.0,0.0,0.0,4.559e-06,4.559e-06,,1.52e-06,1.52e-06,,5.625e-06,5.625e-06,,0.0,0.0,,,,,,,,,,,,,,,,
Luiza,0.0,0.0,0.0,0.0,0.0,0.0,,0.0,0.0,,2.953e-05,2.953e-05,,1.406e-05,1.406e-05,,,,,,,,,,,,,,,,
Lukafu,0.0,0.0,0.0,0.0,0.0,0.0,,0.0,0.0,,8.438e-06,8.438e-06,,0.0,0.0,,,,,,,,,,,,,,,,
Lukelenge,0.0,0.0,0.0,0.0,1.216e-05,1.216e-05,,4.103e-05,4.103e-05,,0.0,0.0,,6.563e-06,6.563e-06,,,,,,,,,,,,,,,,
Lukolela,0.0,0.0,0.0,0.0,1.672e-05,1.672e-05,,4.559e-06,4.559e-06,,2.813e-06,2.813e-06,,2.813e-06,2.813e-06,,,,,,,,,,,,,,,,
Lukonga,0.0,0.0,0.0,0.0,0.0001429,0.0001429,,0.0001472,0.0001472,,9.422e-05,9.422e-05,,5.189e-05,5.189e-05,,,,,,,,,,,,,,,,
Lukula,0.0,0.0,0.0,0.0,3.039e-06,3.039e-06,,1.52e-06,1.52e-06,,5.625e-06,5.625e-06,,0.0,0.0,,,,,,,,,,,,,,,,
Lulingu,0.0,0.0,0.0,0.0,9.118e-06,9.118e-06,,2.584e-05,2.584e-05,,0.0006406,0.0006406,,0.001614,0.001614,,,,,,,,,,,,,,,,
Luozi,0.0,0.0,0.0,0.0,,,,,,,,,,,,,,,,,,,,,,,,,,,
Luputa,0.0,0.0,0.0,0.0,0.0,0.0,,0.0,0.0,,0.0,0.0,,0.0,0.0,,,,,,,,,,,,,,,,
Lusambo,0.0,0.0,0.0,0.0,1.368e-05,1.368e-05,,0.0,0.0,,0.0,0.0,,0.0,0.0,,,,,,,,,,,,,,,,
Lusanga,0.0,0.0,,0.0,7.523e-05,7.523e-05,,7.599e-06,7.599e-06,,1.969e-05,1.969e-05,,1.125e-05,1.125e-05,,,,,,,,,,,,,,,,
Lusangi,0.0,0.0,0.0,0.0,0.0,0.0,,0.0,0.0,,0.0,0.0,,3.094e-05,3.094e-05,,,,,,,,,,,,,,,,
Mabalako,,0.0,,0.0,0.002216,0.002216,,0.003471,0.003471,,0.3061,0.3061,,0.3516,0.3516,,0.05,0.05,,0.08,0.08,,0.1,0.1,,0.13,0.13,,0.14,0.14,
Mahagi,,0.0,,0.0,0.04373,0.04373,,0.05086,0.05086,,0.001869,0.001869,,0.001872,0.001872,,0.46,0.46,,0.63,0.63,,0.79,0.79,,0.92,0.92,,0.97,0.97,
Makala,,0.0,0.0,0.0,0.000247,0.000247,,0.0002971,0.0002971,,0.0002138,0.0002138,,0.0003628,0.0003628,,0.0,0.0,,0.01,0.01,,0.01,0.01,,0.02,0.02,,0.02,0.02,
Makanza,0.0,0.0,0.0,0.0,4.587e-05,4.587e-05,,5.927e-05,5.927e-05,,5.813e-05,5.813e-05,,3.938e-05,3.938e-05,,,,,,,,,,,,,,,,
Makiso Kisangani,,0.0,,0.0,0.01824,0.01824,,0.02113,0.02113,,0.03533,0.03533,,0.03638,0.03638,,0.17,0.17,,0.24,0.24,,0.29,0.29,,0.34,0.34,,0.35,0.35,
Makoro,165,158.0,160,158.0,0.006241,0.006241,,0.005402,0.005402,,0.00765,0.00765,,0.008362,0.008362,,0.09,0.09,,0.17,0.17,,0.23,0.23,,0.27,0.27,,0.3,0.3,
Makota,0.0,0.0,0.0,0.0,1.52e-06,1.52e-06,,0.0,0.0,,4.106e-05,4.106e-05,,8.438e-06,8.438e-06,,,,,,,,,,,,,,,,
Malemba Nkulu,0.0,0.0,0.0,0.0,0.0,0.0,,1.976e-05,1.976e-05,,0.0,0.0,,2.813e-06,2.813e-06,,,,,,,,,,,,,,,,
Maluku 1,0.0,0.0,0.0,0.0,0.0003446,0.0003446,,0.0001919,0.0001919,,0.000256,0.000256,,0.0002623,0.0002623,,0.01,0.01,,0.01,0.01,,0.02,0.02,,0.03,0.03,,0.03,0.03,
Maluku 2,0.0,0.0,0.0,0.0,8.054e-05,8.054e-05,,5.015e-05,5.015e-05,,4.782e-05,4.782e-05,,4.782e-05,4.782e-05,,0.0,0.0,,0.0,0.0,,0.0,0.0,,0.01,0.01,,0.01,0.01,
Mambasa,,0.0,,0.0,0.04492,0.04492,,0.04553,0.04553,,0.08711,0.08711,,0.09481,0.09481,,0.44,0.44,,0.58,0.58,,0.69,0.69,,0.81,0.81,,0.86,0.86,
Mampoko,0.0,0.0,0.0,0.0,2.976e-05,2.976e-05,,6.079e-06,6.079e-06,,1.547e-05,1.547e-05,,9.543e-06,9.543e-06,,,,,,,,,,,,,,,,
Mandima,,0.0,0.0,0.0,0.0154,0.0154,,0.02223,0.02223,,0.2191,0.2191,,0.3302,0.3302,,0.25,0.25,,0.37,0.37,,0.45,0.45,,0.56,0.56,,0.6,0.6,
Mangobo,,0.0,,0.0,0.002981,0.002981,,0.004077,0.004077,,0.005209,0.005209,,0.00444,0.00444,,0.04,0.04,,0.06,0.06,,0.07,0.07,,0.09,0.09,,0.09,0.09,
Manguredjipa,0.0,0.0,0.0,0.0,0.0003356,0.0003356,,0.0003665,0.0003665,,0.03436,0.03436,,0.02978,0.02978,,0.0,0.0,,0.0,0.0,,0.01,0.01,,0.01,0.01,,0.01,0.01,
Manika,0.0,0.0,0.0,0.0,0.0002333,0.0002333,,0.0003617,0.0003617,,0.0003347,0.0003347,,0.0003708,0.0003708,,0.0,0.0,,0.0,0.0,,0.0,0.0,,0.01,0.01,,0.01,0.01,
Manono,0.0,0.0,0.0,0.0,1.9e-05,1.9e-05,,1.52e-05,1.52e-05,,5.625e-06,5.625e-06,,2.813e-06,2.813e-06,,,,,,,,,,,,,,,,
Masereka,,0.0,,0.0,0.003195,0.003195,,0.002936,0.002936,,0.1852,0.1852,,0.2039,0.2039,,0.04,0.04,,0.08,0.08,,0.11,0.11,,0.15,0.15,,0.17,0.17,
Masi Manimba,0.0,0.0,,0.0,3.039e-05,3.039e-05,,1.064e-05,1.064e-05,,1.125e-05,1.125e-05,,1.125e-05,1.125e-05,,,,,,,,,,,,,,,,
Masina 1,,0.0,,0.0,0.0008664,0.0008664,,0.001221,0.001221,,0.0007707,0.0007707,,0.0009432,0.0009432,,0.02,0.02,,0.04,0.04,,0.05,0.05,,0.07,0.07,,0.07,0.07,
Masina 2,,0.0,,0.0,0.0005167,0.0005167,,0.0006155,0.0006155,,0.0002222,0.0002222,,0.0004022,0.0004022,,0.01,0.01,,0.03,0.03,,0.04,0.04,,0.05,0.05,,0.06,0.06,
Masisi,0.0,0.0,0.0,0.0,5.623e-05,5.623e-05,,0.0001983,0.0001983,,0.0006849,0.0006849,,0.001222,0.001222,,,,,,,,,,,,,,,,
Massa,0.0,0.0,0.0,0.0,5.623e-05,5.623e-05,,8.662e-05,8.662e-05,,7.875e-05,7.875e-05,,6.328e-05,6.328e-05,,,,,,,,,,,,,,,,
Masuika,0.0,,0.0,,,,,,,,,,,,,,,,,,,,,,,,,,,,
Matadi,0.0,0.0,0.0,0.0,0.0001075,0.0001075,,0.0001748,0.0001748,,0.0001667,0.0001667,,7.594e-05,7.594e-05,,,,,,,,,,,,,,,,
Matete,,0.0,,0.0,0.0009475,0.0009475,,0.001329,0.001329,,0.0004852,0.0004852,,0.0005977,0.0005977,,0.02,0.02,,0.03,0.03,,0.04,0.04,,0.05,0.05,,0.05,0.05,
Mbandaka,0.0,0.0,,0.0,7.206e-05,7.206e-05,,8.561e-05,8.561e-05,,7.641e-05,7.641e-05,,0.0001347,0.0001347,,0.0,0.0,,0.0,0.0,,0.01,0.01,,0.01,0.01,,0.01,0.01,
Mbanza Ngungu,0.0,0.0,0.0,0.0,2.773e-05,2.773e-05,,7.143e-05,7.143e-05,,7.594e-05,7.594e-05,,9.001e-05,9.001e-05,,,,,,,,,,,,,,,,
Mbulula,0.0,0.0,0.0,0.0,4.559e-06,4.559e-06,,6.079e-06,6.079e-06,,0.0,0.0,,6.188e-05,6.188e-05,,,,,,,,,,,,,,,,
Miabi,0.0,0.0,0.0,0.0,1.52e-06,1.52e-06,,4.559e-06,4.559e-06,,0.0,0.0,,5.625e-06,5.625e-06,,,,,,,,,,,,,,,,
Mikalayi,0.0,0.0,0.0,0.0,3.039e-06,3.039e-06,,6.079e-06,6.079e-06,,1.688e-05,1.688e-05,,5.625e-06,5.625e-06,,,,,,,,,,,,,,,,
Mikope,0.0,0.0,0.0,0.0,0.0,0.0,,0.0,0.0,,0.0,0.0,,0.0,0.0,,,,,,,,,,,,,,,,
Minga,0.0,0.0,0.0,0.0,0.0,0.0,,0.0,0.0,,0.0,0.0,,0.0,0.0,,,,,,,,,,,,,,,,
Minova,,,0.0,,,,,,,,,,,,,,,,,,,,,,,,,,,,
Miti Murhesa,0.0,,0.0,,,,,,,,,,,,,,,,,,,,,,,,,,,,
Mitwaba,0.0,0.0,0.0,0.0,3.039e-06,3.039e-06,,0.0,0.0,,0.0,0.0,,0.0,0.0,,,,,,,,,,,,,,,,
Moba,0.0,0.0,0.0,0.0,3.039e-06,3.039e-06,,4.559e-06,4.559e-06,,5.907e-05,5.907e-05,,0.000135,0.000135,,,,,,,,,,,,,,,,
Mobayi Mbongo,0.0,0.0,0.0,0.0,0.0,0.0,,0.0,0.0,,0.0,0.0,,0.0,0.0,,,,,,,,,,,,,,,,
Mokala,0.0,0.0,0.0,0.0,0.0,0.0,,0.0,0.0,,0.0,0.0,,2.813e-06,2.813e-06,,,,,,,,,,,,,,,,
Mondombe,0.0,0.0,0.0,0.0,0.0,0.0,,0.0,0.0,,0.0,0.0,,0.0001041,0.0001041,,,,,,,,,,,,,,,,
Monga,0.0,0.0,0.0,0.0,0.0,0.0,,0.0,0.0,,0.0,0.0,,0.0,0.0,,,,,,,,,,,,,,,,
Mongbwalu,,0.0,,0.0,,,1.085,,,1.153,0.03859,0.03859,,0.05757,0.05757,,,,11.0,,,15.11,,,18.21,,,20.6,,,21.55
Monieka,0.0,0.0,0.0,0.0,0.0,0.0,,0.0,0.0,,0.0,0.0,,1.688e-05,1.688e-05,,,,,,,,,,,,,,,,
Monkoto,0.0,0.0,0.0,0.0,3.039e-06,3.039e-06,,0.0,0.0,,2.813e-06,2.813e-06,,0.0,0.0,,,,,,,,,,,,,,,,
Mont Ngafula 1,,0.0,,0.0,0.0006816,0.0006816,,0.001223,0.001223,,0.0007458,0.0007458,,0.0007214,0.0007214,,0.02,0.02,,0.03,0.03,,0.03,0.03,,0.04,0.04,,0.04,0.04,
Mont Ngafula 2,,0.0,,0.0,0.0006736,0.0006736,,0.00103,0.00103,,0.0007742,0.0007742,,0.001586,0.001586,,0.02,0.02,,0.02,0.02,,0.03,0.03,,0.04,0.04,,0.04,0.04,
Mosango,0.0,0.0,0.0,0.0,4.255e-05,4.255e-05,,4.559e-06,4.559e-06,,1.125e-05,1.125e-05,,1.406e-05,1.406e-05,,,,,,,,,,,,,,,,
Muanda,0.0,0.0,0.0,0.0,8.358e-06,8.358e-06,,6.839e-05,6.839e-05,,8.157e-05,8.157e-05,,6.188e-05,6.188e-05,,,,,,,,,,,,,,,,
Mubumbano,0.0,,0.0,,,,,,,,,,,,,,,,,,,,,,,,,,,,
Muetshi,0.0,0.0,0.0,0.0,1.52e-06,1.52e-06,,0.0,0.0,,0.0,0.0,,0.0,0.0,,,,,,,,,,,,,,,,
Mukanga,0.0,0.0,0.0,0.0,3.039e-06,3.039e-06,,6.079e-06,6.079e-06,,2.813e-06,2.813e-06,,2.813e-06,2.813e-06,,,,,,,,,,,,,,,,
Mukedi,0.0,0.0,0.0,0.0,2.432e-05,2.432e-05,,0.0,0.0,,5.625e-06,5.625e-06,,8.438e-06,8.438e-06,,,,,,,,,,,,,,,,
Mulongo,0.0,0.0,0.0,0.0,2.204e-05,2.204e-05,,3.039e-05,3.039e-05,,5.625e-06,5.625e-06,,0.0,0.0,,,,,,,,,,,,,,,,
Mulumba,0.0,0.0,0.0,0.0,3.039e-06,3.039e-06,,0.0,0.0,,0.0,0.0,,0.0,0.0,,,,,,,,,,,,,,,,
Mulungu,0.0,0.0,0.0,0.0,3.039e-06,3.039e-06,,1.52e-06,1.52e-06,,0.0003678,0.0003678,,0.001089,0.001089,,,,,,,,,,,,,,,,
Mumbunda,0.0,0.0,,0.0,0.0004682,0.0004682,,0.0003678,0.0003678,,0.001231,0.001231,,0.001026,0.001026,,0.0,0.0,,0.01,0.01,,0.01,0.01,,0.01,0.01,,0.01,0.01,
Mushenge,0.0,0.0,0.0,0.0,0.0,0.0,,0.0,0.0,,0.0,0.0,,0.0,0.0,,,,,,,,,,,,,,,,
Mushie,0.0,0.0,0.0,0.0,0.0,0.0,,0.0,0.0,,0.0,0.0,,0.0,0.0,,,,,,,,,,,,,,,,
Musienene,,0.0,,0.0,0.01308,0.01308,,0.01207,0.01207,,1.644,1.644,,1.698,1.698,,0.14,0.14,,0.27,0.27,,0.34,0.34,,0.42,0.42,,0.45,0.45,
Mutena,0.0,0.0,0.0,0.0,0.0,0.0,,0.0,0.0,,0.0,0.0,,0.0,0.0,,,,,,,,,,,,,,,,
Mutshatsha,0.0,0.0,0.0,0.0,0.0,0.0,,0.0,0.0,,0.0,0.0,,0.0,0.0,,,,,,,,,,,,,,,,
Mutwanga,,0.0,,0.0,0.004053,0.004053,,0.003998,0.003998,,0.1647,0.1647,,0.1749,0.1749,,0.04,0.04,,0.08,0.08,,0.11,0.11,,0.14,0.14,,0.15,0.15,
Muya,0.0,0.0,0.0,0.0,1.52e-06,1.52e-06,,1.368e-05,1.368e-05,,2.813e-06,2.813e-06,,2.813e-06,2.813e-06,,,,,,,,,,,,,,,,
Mwana,0.0,,0.0,,,,,,,,,,,,,,,,,,,,,,,,,,,,
Mweka,0.0,0.0,0.0,0.0,0.0,0.0,,0.0,0.0,,2.531e-05,2.531e-05,,0.0,0.0,,,,,,,,,,,,,,,,
Mwela Lembwa,0.0,0.0,0.0,0.0,0.0,0.0,,0.0,0.0,,0.0,0.0,,0.0,0.0,,,,,,,,,,,,,,,,
Mweneditu,0.0,0.0,0.0,0.0,0.0,0.0,,0.0,0.0,,6.403e-05,6.403e-05,,3.375e-05,3.375e-05,,,,,,,,,,,,,,,,
Mwenga,0.0,,0.0,,,,,,,,,,,,,,,,,,,,,,,,,,,,
Mweso,0.0,,,,,,,,,,,,,,,,,,,,,,,,,,,,,,
Ndage,0.0,0.0,0.0,0.0,0.0,0.0,,0.0,0.0,,0.0,0.0,,0.0,0.0,,,,,,,,,,,,,,,,
Ndekesha,0.0,0.0,0.0,0.0,,,,,,,,,,,,,,,,,,,,,,,,,,,
Ndesha,0.0,0.0,0.0,0.0,1.52e-06,1.52e-06,,1.672e-05,1.672e-05,,0.0,0.0,,2.813e-06,2.813e-06,,,,,,,,,,,,,,,,
Ndjili,,0.0,,0.0,0.0004458,0.0004458,,0.0006482,0.0006482,,0.0003783,0.0003783,,0.0005007,0.0005007,,0.01,0.01,,0.02,0.02,,0.03,0.03,,0.04,0.04,,0.04,0.04,
Ndjoko Mpunda,0.0,,0.0,,,,,,,,,,,,,,,,,,,,,,,,,,,,
Ngaba,,0.0,0.0,0.0,0.0001246,0.0001246,,0.0002903,0.0002903,,0.0001013,0.0001013,,0.0001786,0.0001786,,0.0,0.0,,0.01,0.01,,0.01,0.01,,0.01,0.01,,0.01,0.01,
Ngidinga,0.0,0.0,0.0,0.0,0.0,0.0,,0.0,0.0,,0.0,0.0,,0.0,0.0,,,,,,,,,,,,,,,,
Ngiri Ngiri,,0.0,,0.0,0.0004377,0.0004377,,0.0006867,0.0006867,,0.000488,0.000488,,0.0006947,0.0006947,,0.01,0.01,,0.02,0.02,,0.03,0.03,,0.04,0.04,,0.04,0.04,
Nia Nia,,0.0,,0.0,0.0156,0.0156,,0.01625,0.01625,,0.06208,0.06208,,0.06735,0.06735,,0.15,0.15,,0.25,0.25,,0.31,0.31,,0.37,0.37,,0.42,0.42,
Niangara,,0.0,,0.0,0.0004533,0.0004533,,0.0008385,0.0008385,,0.0005239,0.0005239,,0.0009071,0.0009071,,0.01,0.01,,0.01,0.01,,0.01,0.01,,0.01,0.01,,0.02,0.02,
Nioki,0.0,0.0,0.0,0.0,0.0,0.0,,0.0,0.0,,2.813e-06,2.813e-06,,0.0,0.0,,,,,,,,,,,,,,,,
Nizi,,0.0,,0.0,0.932,0.932,,0.9881,0.9881,,0.004008,0.004008,,0.004992,0.004992,,9.97,9.97,,12.62,12.62,,14.45,14.45,,15.83,15.83,,16.33,16.33,
Nsele,,0.0,,0.0,0.001843,0.001843,,0.002713,0.002713,,0.001575,0.001575,,0.002269,0.002269,,0.04,0.04,,0.08,0.08,,0.1,0.1,,0.13,0.13,,0.13,0.13,
Nselo,0.0,0.0,0.0,0.0,0.0,0.0,,0.0,0.0,,0.0,0.0,,0.0,0.0,,,,,,,,,,,,,,,,
Nsona Mpangu,0.0,0.0,0.0,0.0,2.735e-05,2.735e-05,,6.535e-05,6.535e-05,,8.649e-05,8.649e-05,,5.063e-05,5.063e-05,,,,,,,,,,,,,,,,
Ntandembelo,0.0,0.0,0.0,0.0,0.0,0.0,,3.039e-06,3.039e-06,,0.0,0.0,,0.0,0.0,,,,,,,,,,,,,,,,
Nundu,0.0,0.0,0.0,0.0,2.128e-05,2.128e-05,,5.167e-05,5.167e-05,,5.625e-05,5.625e-05,,0.0001519,0.0001519,,,,,,,,,,,,,,,,
Nyanga,0.0,0.0,0.0,0.0,1.52e-06,1.52e-06,,0.0,0.0,,0.0,0.0,,0.0,0.0,,,,,,,,,,,,,,,,
Nyangezi,0.0,0.0,0.0,0.0,2.28e-05,2.28e-05,,3.267e-05,3.267e-05,,0.0001969,0.0001969,,8.438e-05,8.438e-05,,,,,,,,,,,,,,,,
Nyankunde,,0.0,0.0,0.0,,,1.085,,,1.153,0.00953,0.00953,,0.01063,0.01063,,3.45,3.45,,4.89,4.89,,5.8,5.8,,6.48,6.48,,6.8,6.8,
Nyantende,0.0,0.0,0.0,0.0,6.839e-05,6.839e-05,,0.0001098,0.0001098,,0.0002686,0.0002686,,0.000277,0.000277,,0.0,0.0,,0.0,0.0,,0.0,0.0,,0.01,0.01,,0.01,0.01,
Nyarambe,,0.0,,0.0,0.0186,0.0186,,0.01772,0.01772,,0.0004275,0.0004275,,0.0002909,0.0002909,,0.21,0.21,,0.3,0.3,,0.38,0.38,,0.46,0.46,,0.49,0.49,
Nyemba,,0.0,,0.0,0.0004491,0.0004491,,0.000499,0.000499,,0.001054,0.001054,,0.001304,0.001304,,0.01,0.01,,0.01,0.01,,0.01,0.01,,0.02,0.02,,0.02,0.02,
Nyiragongo,,0.0,,0.0,0.002978,0.002978,,0.003199,0.003199,,0.01771,0.01771,,0.02157,0.02157,,0.04,0.04,,0.06,0.06,,0.09,0.09,,0.11,0.11,,0.12,0.12,
Nyunzu,0.0,0.0,0.0,0.0,6.079e-06,6.079e-06,,2.28e-05,2.28e-05,,1.266e-05,1.266e-05,,2.813e-06,2.813e-06,,,,,,,,,,,,,,,,
Nzaba,0.0,0.0,0.0,0.0,6.332e-05,6.332e-05,,6.535e-05,6.535e-05,,4.125e-05,4.125e-05,,2.25e-05,2.25e-05,,,,,,,,,,,,,,,,
Nzanza,0.0,0.0,0.0,0.0,1.064e-05,1.064e-05,,2.432e-05,2.432e-05,,2.25e-05,2.25e-05,,8.438e-06,8.438e-06,,,,,,,,,,,,,,,,
Obokote,0.0,0.0,0.0,0.0,3.039e-06,3.039e-06,,0.0,0.0,,3.375e-05,3.375e-05,,1.969e-05,1.969e-05,,,,,,,,,,,,,,,,
Oicha,,0.0,,0.0,0.01479,0.01479,,0.01586,0.01586,,0.4433,0.4433,,0.476,0.476,,0.25,0.25,,0.43,0.43,,0.58,0.58,,0.74,0.74,,0.8,0.8,
Opala,0.0,0.0,0.0,0.0,0.0,0.0,,6.079e-06,6.079e-06,,0.0,0.0,,1.969e-05,1.969e-05,,,,,,,,,,,,,,,,
Opienge,0.0,0.0,0.0,0.0,1.52e-05,1.52e-05,,3.039e-05,3.039e-05,,0.0001013,0.0001013,,0.0002377,0.0002377,,,,,,,,,,,,,,,,
Oshwe,0.0,0.0,0.0,0.0,0.0,0.0,,0.0,0.0,,0.0,0.0,,0.0,0.0,,,,,,,,,,,,,,,,
Ototo,0.0,0.0,0.0,0.0,0.0,0.0,,0.0,0.0,,0.0,0.0,,2.813e-06,2.813e-06,,,,,,,,,,,,,,,,
Panda,0.0,0.0,0.0,0.0,1.824e-05,1.824e-05,,8.206e-05,8.206e-05,,4.5e-05,4.5e-05,,2.813e-05,2.813e-05,,,,,,,,,,,,,,,,
Pangi,0.0,0.0,0.0,0.0,0.0,0.0,,0.0,0.0,,1.125e-05,1.125e-05,,5.625e-06,5.625e-06,,,,,,,,,,,,,,,,
Pania Mutombo,0.0,0.0,0.0,0.0,0.0,0.0,,0.0,0.0,,0.0,0.0,,0.0,0.0,,,,,,,,,,,,,,,,
Panzi,0.0,0.0,0.0,0.0,0.0,0.0,,0.0,0.0,,0.0,0.0,,0.0,0.0,,,,,,,,,,,,,,,,
Pawa,,0.0,,0.0,0.001066,0.001066,,0.0009601,0.0009601,,0.004067,0.004067,,0.004039,0.004039,,0.01,0.01,,0.02,0.02,,0.03,0.03,,0.04,0.04,,0.04,0.04,
Pay Kongila,0.0,0.0,0.0,0.0,0.0,0.0,,0.0,0.0,,0.0,0.0,,0.0,0.0,,,,,,,,,,,,,,,,
Pimu,0.0,0.0,0.0,0.0,0.0,0.0,,0.0,0.0,,0.0,0.0,,0.0,0.0,,,,,,,,,,,,,,,,
Pinga,0.0,0.0,0.0,0.0,0.0,0.0,,3.039e-06,3.039e-06,,0.001028,0.001028,,0.003039,0.003039,,,,,,,,,,,,,,,,
Poko,0.0,0.0,,0.0,4.863e-05,4.863e-05,,9.182e-05,9.182e-05,,0.0007197,0.0007197,,0.0009844,0.0009844,,0.0,0.0,,0.0,0.0,,0.0,0.0,,0.01,0.01,,0.01,0.01,
Police,0.0,0.0,0.0,0.0,0.0003488,0.0003488,,0.0003997,0.0003997,,0.0001533,0.0001533,,0.0002756,0.0002756,,0.01,0.01,,0.02,0.02,,0.02,0.02,,0.03,0.03,,0.04,0.04,
Popokabaka,0.0,0.0,0.0,0.0,0.0,0.0,,0.0,0.0,,5.625e-06,5.625e-06,,0.0,0.0,,,,,,,,,,,,,,,,
Punia,0.0,0.0,0.0,0.0,7.603e-05,7.603e-05,,8.054e-05,8.054e-05,,0.0008178,0.0008178,,0.0008354,0.0008354,,,,,,,,,,,,,,,,
Pweto,0.0,0.0,0.0,0.0,3.495e-05,3.495e-05,,3.343e-05,3.343e-05,,5.625e-06,5.625e-06,,0.0,0.0,,,,,,,,,,,,,,,,
Rethy,,0.0,,0.0,0.01056,0.01056,,0.007968,0.007968,,0.000225,0.000225,,0.0002025,0.0002025,,0.09,0.09,,0.13,0.13,,0.16,0.16,,0.21,0.21,,0.23,0.23,
Rimba,,0.0,,0.0,0.02853,0.02853,,0.03343,0.03343,,0.002064,0.002064,,0.002202,0.002202,,0.36,0.36,,0.58,0.58,,0.77,0.77,,0.93,0.93,,1.0,1.0,
Ruashi,,0.0,,0.0,5.167e-05,5.167e-05,,0.0001094,0.0001094,,0.0001294,0.0001294,,4.5e-05,4.5e-05,,,,,,,,,,,,,,,,
Rungu,,0.0,,0.0,0.0004107,0.0004107,,0.0007118,0.0007118,,0.001021,0.001021,,0.0008131,0.0008131,,0.01,0.01,,0.02,0.02,,0.02,0.02,,0.03,0.03,,0.03,0.03,
Rutshuru,0.0,,,,,,,,,,,,,,,,,,,,,,,,,,,,,,
Ruzizi,0.0,0.0,,0.0,0.0001429,0.0001429,,0.0001877,0.0001877,,0.0001716,0.0001716,,0.0004106,0.0004106,,0.0,0.0,,0.0,0.0,,0.0,0.0,,0.0,0.0,,0.01,0.01,
Rwampara,,0.0,,0.0,,,1.085,,,1.153,0.07158,0.07158,,0.07532,0.07532,,,,11.0,,,15.11,,,18.21,,,20.6,,,21.55
Rwanguba,0.0,,0.0,,,,,,,,,,,,,,,,,,,,,,,,,,,,
Sakania,0.0,0.0,0.0,0.0,9.118e-05,9.118e-05,,0.0001079,0.0001079,,5.555e-05,5.555e-05,,5.719e-05,5.719e-05,,,,,,,,,,,,,,,,
Samba,0.0,0.0,0.0,0.0,1.52e-06,1.52e-06,,0.0,0.0,,8.438e-06,8.438e-06,,0.0,0.0,,,,,,,,,,,,,,,,
Sandoa,0.0,0.0,0.0,0.0,0.0,0.0,,0.0,0.0,,8.438e-06,8.438e-06,,0.0,0.0,,,,,,,,,,,,,,,,
Saramabila,0.0,0.0,0.0,0.0,0.0,0.0,,1.52e-06,1.52e-06,,0.0001013,0.0001013,,0.0003122,0.0003122,,,,,,,,,,,,,,,,
Seke Banza,0.0,0.0,0.0,0.0,1.52e-06,1.52e-06,,1.064e-05,1.064e-05,,8.438e-06,8.438e-06,,1.125e-05,1.125e-05,,,,,,,,,,,,,,,,
Selembao,,0.0,,0.0,0.0006732,0.0006732,,0.001146,0.001146,,0.0006038,0.0006038,,0.0009078,0.0009078,,0.01,0.01,,0.03,0.03,,0.03,0.03,,0.04,0.04,,0.04,0.04,
Shabunda,0.0,0.0,0.0,0.0,6.079e-06,6.079e-06,,1.52e-05,1.52e-05,,0.001873,0.001873,,0.003186,0.003186,,,,,,,,,,,,,,,,
Sia,0.0,0.0,0.0,0.0,0.0,0.0,,0.0,0.0,,0.0,0.0,,0.0,0.0,,,,,,,,,,,,,,,,
Sona Bata,0.0,0.0,0.0,0.0,1.976e-05,1.976e-05,,3.039e-05,3.039e-05,,4.782e-05,4.782e-05,,2.531e-05,2.531e-05,,,,,,,,,,,,,,,,
Songa,0.0,0.0,0.0,0.0,3.039e-06,3.039e-06,,0.0,0.0,,0.0,0.0,,0.0,0.0,,,,,,,,,,,,,,,,
Tandala,0.0,0.0,0.0,0.0,0.0,0.0,,0.0,0.0,,0.0,0.0,,0.0,0.0,,,,,,,,,,,,,,,,
Tchomia,,0.0,,0.0,0.5505,0.5505,,0.5732,0.5732,,0.003251,0.003251,,0.005263,0.005263,,4.57,4.57,,5.38,5.38,,5.89,5.89,,6.39,6.39,,6.55,6.55,
Tembo,0.0,0.0,0.0,0.0,0.0,0.0,,0.0,0.0,,0.0,0.0,,0.0,0.0,,,,,,,,,,,,,,,,
Titule,0.0,0.0,,0.0,1.52e-06,1.52e-06,,3.495e-05,3.495e-05,,0.000172,0.000172,,9.141e-05,9.141e-05,,,,,,,,,,,,,,,,
Tshamilemba,0.0,0.0,,0.0,0.0002562,0.0002562,,0.0003343,0.0003343,,0.0006645,0.0006645,,0.0004585,0.0004585,,0.0,0.0,,0.01,0.01,,0.01,0.01,,0.01,0.01,,0.01,0.01,
Tshela,0.0,0.0,0.0,0.0,0.0,0.0,,0.0,0.0,,0.0,0.0,,0.0,0.0,,,,,,,,,,,,,,,,
Tshikaji,0.0,0.0,0.0,0.0,9.118e-05,9.118e-05,,6.079e-05,6.079e-05,,3.656e-05,3.656e-05,,3.938e-05,3.938e-05,,,,,,,,,,,,,,,,
Tshikapa,0.0,0.0,0.0,0.0,8.814e-05,8.814e-05,,3.495e-05,3.495e-05,,7.875e-05,7.875e-05,,3.094e-05,3.094e-05,,,,,,,,,,,,,,,,
Tshikula,0.0,0.0,0.0,0.0,1.52e-06,1.52e-06,,1.52e-06,1.52e-06,,0.0,0.0,,5.625e-06,5.625e-06,,,,,,,,,,,,,,,,
Tshilenge,0.0,0.0,0.0,0.0,0.0,0.0,,0.0,0.0,,0.0,0.0,,0.0,0.0,,,,,,,,,,,,,,,,
Tshishimbi,0.0,0.0,0.0,0.0,7.092e-06,7.092e-06,,7.599e-06,7.599e-06,,4.688e-06,4.688e-06,,5.625e-06,5.625e-06,,,,,,,,,,,,,,,,
Tshopo,,0.0,,0.0,0.003512,0.003512,,0.004872,0.004872,,0.004857,0.004857,,0.005777,0.005777,,0.05,0.05,,0.07,0.07,,0.09,0.09,,0.11,0.11,,0.12,0.12,
Tshudi Loto,0.0,,0.0,,,,,,,,,,,,,,,,,,,,,,,,,,,,
Tshumbe,0.0,0.0,0.0,0.0,0.0,0.0,,0.0,0.0,,0.0,0.0,,0.0,0.0,,,,,,,,,,,,,,,,
Tunda,0.0,0.0,0.0,0.0,0.0,0.0,,0.0,0.0,,0.0,0.0,,1.406e-05,1.406e-05,,,,,,,,,,,,,,,,
Ubundu,0.0,0.0,0.0,0.0,7.092e-06,7.092e-06,,9.118e-06,9.118e-06,,0.0001589,0.0001589,,3.797e-05,3.797e-05,,,,,,,,,,,,,,,,
Uvira,0.0,0.0,0.0,0.0,0.0003545,0.0003545,,0.000571,0.000571,,0.001294,0.001294,,0.001589,0.001589,,0.0,0.0,,0.01,0.01,,0.01,0.01,,0.01,0.01,,0.01,0.01,
Vaku,0.0,0.0,0.0,0.0,1.292e-05,1.292e-05,,1.52e-06,1.52e-06,,3.516e-05,3.516e-05,,0.0,0.0,,,,,,,,,,,,,,,,
Vanga,0.0,0.0,0.0,0.0,4.559e-06,4.559e-06,,1.52e-06,1.52e-06,,0.0,0.0,,0.0,0.0,,,,,,,,,,,,,,,,
Vanga Kete,0.0,0.0,0.0,0.0,0.0,0.0,,0.0,0.0,,0.0,0.0,,0.0,0.0,,,,,,,,,,,,,,,,
Viadana,,0.0,0.0,0.0,2.584e-05,2.584e-05,,2.381e-05,2.381e-05,,0.0001501,0.0001501,,0.0002391,0.0002391,,,,,,,,,,,,,,,,
Walikale,0.0,0.0,0.0,0.0,0.0008132,0.0008132,,0.0005889,0.0005889,,0.007987,0.007987,,0.0109,0.0109,,0.01,0.01,,0.01,0.01,,0.02,0.02,,0.02,0.02,,0.02,0.02,
Walungu,0.0,,0.0,,,,,,,,,,,,,,,,,,,,,,,,,,,,
Wamba,,0.0,,0.0,0.00397,0.00397,,0.004505,0.004505,,0.02751,0.02751,,0.03079,0.03079,,0.05,0.05,,0.08,0.08,,0.1,0.1,,0.13,0.13,,0.14,0.14,
Wamba Lwadi,0.0,0.0,0.0,0.0,0.0,0.0,,0.0,0.0,,0.0,0.0,,0.0,0.0,,,,,,,,,,,,,,,,
Wangata,,0.0,0.0,0.0,7.538e-05,7.538e-05,,7.041e-05,7.041e-05,,8.719e-05,8.719e-05,,0.000115,0.000115,,,,,,,,,,,,,,,,
Wanierukula,0.0,0.0,0.0,0.0,0.002077,0.002077,,0.001864,0.001864,,0.003321,0.003321,,0.002691,0.002691,,0.05,0.05,,0.09,0.09,,0.12,0.12,,0.15,0.15,,0.16,0.16,
Wapinda,0.0,0.0,0.0,0.0,0.0,0.0,,0.0,0.0,,9.001e-05,9.001e-05,,0.0001041,0.0001041,,,,,,,,,,,,,,,,
Wasolo,0.0,,0.0,,,,,,,,,,,,,,,,,,,,,,,,,,,,
Watsa,173,185.0,158,185.0,0.02598,0.02598,,0.02525,0.02525,,0.04705,0.04705,,0.04648,0.04648,,0.27,0.27,,0.4,0.4,,0.49,0.49,,0.62,0.62,,0.67,0.67,
Wema,0.0,0.0,0.0,0.0,1.52e-06,1.52e-06,,0.0,0.0,,0.0,0.0,,0.0,0.0,,,,,,,,,,,,,,,,
Wembo Nyama,0.0,0.0,0.0,0.0,0.0,0.0,,1.52e-06,1.52e-06,,2.813e-06,2.813e-06,,0.0,0.0,,,,,,,,,,,,,,,,
Wikong,0.0,0.0,0.0,0.0,0.0,0.0,,0.0,0.0,,0.0,0.0,,0.0,0.0,,,,,,,,,,,,,,,,
Yabaondo,0.0,0.0,0.0,0.0,1.482e-05,1.482e-05,,6.079e-06,6.079e-06,,2.813e-06,2.813e-06,,4.5e-05,4.5e-05,,,,,,,,,,,,,,,,
Yahisuli,0.0,0.0,0.0,0.0,5.015e-05,5.015e-05,,4.559e-06,4.559e-06,,0.0001688,0.0001688,,7.102e-05,7.102e-05,,,,,,,,,,,,,,,,
Yahuma,0.0,0.0,0.0,0.0,5.015e-05,5.015e-05,,1.672e-05,1.672e-05,,4.711e-05,4.711e-05,,0.0001266,0.0001266,,,,,,,,,,,,,,,,
Yakoma,,0.0,0.0,0.0,0.0,0.0,,0.0,0.0,,1.688e-05,1.688e-05,,0.0001941,0.0001941,,,,,,,,,,,,,,,,
Yakusu,0.0,,0.0,,,,,,,,,,,,,,,,,,,,,,,,,,,,
Yaleko,0.0,0.0,0.0,0.0,4.559e-06,4.559e-06,,9.118e-06,9.118e-06,,2.813e-06,2.813e-06,,6.188e-05,6.188e-05,,,,,,,,,,,,,,,,
Yalimbongo,0.0,0.0,0.0,0.0,4.559e-05,4.559e-05,,9.118e-06,9.118e-06,,9.844e-05,9.844e-05,,8.438e-06,8.438e-06,,,,,,,,,,,,,,,,
Yamaluka,,0.0,,0.0,0.0003575,0.0003575,,0.0003666,0.0003666,,0.0008998,0.0008998,,0.0007346,0.0007346,,0.0,0.0,,0.01,0.01,,0.01,0.01,,0.01,0.01,,0.01,0.01,
Yambuku,0.0,0.0,0.0,0.0,0.0,0.0,,0.0,0.0,,2.813e-06,2.813e-06,,0.0,0.0,,,,,,,,,,,,,,,,
Yasa Bonga,0.0,0.0,0.0,0.0,0.0,0.0,,0.0,0.0,,0.0,0.0,,0.0,0.0,,,,,,,,,,,,,,,,
Yumbi,0.0,0.0,0.0,0.0,1.216e-05,1.216e-05,,8.358e-06,8.358e-06,,1.406e-05,1.406e-05,,6.73e-06,6.73e-06,,,,,,,,,,,,,,,,
Zongo,0.0,0.0,0.0,0.0,0.0,0.0,,7.599e-06,7.599e-06,,0.0,0.0,,1.125e-05,1.125e-05,,,,,,,,,,,,,,,,
nom,Aba,Aba,Aba,Aba,,ituri_subscriber_days_followup_20260608,Lita,,ituri_subscriber_days_prior_20260503,Lita,,nk_subscriber_days_followup_20260608,Musienene,,nk_subscriber_days_prior_20260503,Musienene,,outflow_20260430,Lita,,outflow_20260507,Lita,,outflow_20260514,Lita,,outflow_20260521,Lita,,outflow_20260524,Lita
