DRC,2026-05-14,246
DRC,2026-05-17,246
DRC,2026-05-18,516
DRC,2026-05-19,575
DRC,2026-05-20,671
DRC,2026-05-21,746
DRC,2026-05-22,867
DRC,2026-05-23,904
DRC,2026-05-24,906
DRC,2026-05-25,998
DRC,2026-05-26,1077
DRC,2026-05-27,906
DRC,2026-05-28,349
DRC,2026-05-29,349
DRC,2026-05-30,321
DRC,2026-05-31,220
DRC,2026-06-01,289
DRC,2026-06-02,206
DRC,2026-06-04,153
DRC,2026-06-05,119
DRC,2026-06-06,117
DRC,2026-06-07,94
DRC,2026-06-08,138
DRC,2026-06-09,119
DRC,2026-06-10,119
DRC,2026-06-11,168
DRC,2026-06-13,136
DRC,2026-06-14,165
DRC,2026-06-15,235
DRC,2026-06-16,192
DRC,2026-06-17,151
DRC,2026-06-18,238
DRC,2026-06-19,162
DRC,2026-06-20,201
DRC,2026-06-21,202
DRC,2026-06-22,131
DRC,2026-06-23,138
DRC,2026-06-24,154
DRC,2026-06-25,265
DRC,2026-06-27,239
DRC,2026-06-29,309
DRC,2026-06-30,301
DRC,2026-07-01,150
DRC,2026-07-02,213
DRC,2026-07-03,185
DRC,2026-07-04,354
DRC,2026-07-05,135
DRC,2026-07-06,237
DRC,2026-07-07,304
DRC,2026-07-08,227
DRC,2026-07-09,284
DRC,2026-07-10,299
DRC,2026-07-11,299
