DRC,2026-05-14,ND
DRC,2026-05-17,ND
DRC,2026-05-18,131
DRC,2026-05-19,148
DRC,2026-05-20,160
DRC,2026-05-21,176
DRC,2026-05-22,ND
DRC,2026-05-23,220
DRC,2026-05-24,223
DRC,2026-05-25,238
DRC,2026-05-26,246
DRC,2026-05-27,223
DRC,2026-05-28,236
DRC,2026-05-29,236
DRC,2026-05-30,236
DRC,2026-06-01,242
DRC,2026-06-11,64
DRC,2026-06-13,49
DRC,2026-06-14,54
DRC,2026-06-17,35
DRC,2026-06-18,54
DRC,2026-06-19,47
DRC,2026-06-20,30
DRC,2026-06-21,60
DRC,2026-06-22,44
DRC,2026-06-23,45
DRC,2026-06-24,40
DRC,2026-06-25,77
DRC,2026-06-27,70
DRC,2026-06-29,90
DRC,2026-06-30,90
DRC,2026-07-01,41
DRC,2026-07-02,63
DRC,2026-07-03,67
DRC,2026-07-04,110
DRC,2026-07-05,23
DRC,2026-07-06,70
DRC,2026-07-07,92
DRC,2026-07-08,60
DRC,2026-07-09,81
DRC,2026-07-10,91
DRC,2026-07-11,91
