health_zone,date,days_since_first_case,cumulative_confirmed_cases,cumulative_confirmed_deaths,cumulative_contacts_isolated,cumulative_contacts_traced,cumulative_suspected_cases,cumulative_suspected_deaths,pop_density,travel_time_to_epicenter,target_outbreak_next_7d
Aru,2026-05-22,0,1.0,0.0,0.0,0.0,3.0,0.0,339.2396335,303.6,0
Aru,2026-05-23,1,1.0,0.0,1.0,0.0,4.0,1.0,339.2396335,303.6,0
Aru,2026-05-24,2,1.0,0.0,0.0,0.0,4.0,1.0,339.2396335,303.6,0
Aru,2026-05-25,3,1.0,0.0,0.0,0.0,4.0,1.0,339.2396335,303.6,0
Aru,2026-05-26,4,1.0,0.0,0.0,0.0,4.0,1.0,339.2396335,303.6,0
Aru,2026-05-27,5,1.0,0.0,0.0,0.0,4.0,1.0,339.2396335,303.6,1
Aru,2026-05-28,6,2.0,1.0,0.0,0.0,4.0,1.0,339.2396335,303.6,1
Aru,2026-05-29,7,2.0,1.0,0.0,0.0,4.0,1.0,339.2396335,303.6,1
Aru,2026-05-30,8,2.0,1.0,0.0,0.0,4.0,1.0,339.2396335,303.6,1
Aru,2026-06-01,10,2.0,1.0,0.0,0.0,0.0,0.0,339.2396335,303.6,1
Aru,2026-06-02,11,2.0,1.0,0.0,0.0,0.0,0.0,339.2396335,303.6,1
Aru,2026-06-03,12,2.0,1.0,0.0,0.0,0.0,0.0,339.2396335,303.6,1
Aru,2026-06-04,13,3.0,1.0,0.0,0.0,0.0,0.0,339.2396335,303.6,0
Aru,2026-06-05,14,3.0,1.0,0.0,0.0,0.0,0.0,339.2396335,303.6,0
Aru,2026-06-06,15,3.0,1.0,0.0,0.0,0.0,0.0,339.2396335,303.6,0
Aru,2026-06-07,16,3.0,1.0,0.0,0.0,0.0,0.0,339.2396335,303.6,0
Aru,2026-06-08,17,3.0,1.0,0.0,0.0,0.0,0.0,339.2396335,303.6,0
Aru,2026-06-09,18,3.0,1.0,0.0,0.0,0.0,0.0,339.2396335,303.6,0
Aru,2026-06-10,19,3.0,1.0,0.0,0.0,0.0,0.0,339.2396335,303.6,0
Aru,2026-06-11,20,3.0,1.0,0.0,0.0,0.0,0.0,339.2396335,303.6,0
Aru,2026-06-13,22,3.0,1.0,0.0,0.0,0.0,0.0,339.2396335,303.6,0
Aru,2026-06-14,23,3.0,1.0,0.0,0.0,0.0,0.0,339.2396335,303.6,0
Aru,2026-06-15,24,3.0,1.0,0.0,0.0,0.0,0.0,339.2396335,303.6,0
Aru,2026-06-16,25,3.0,0.0,0.0,0.0,0.0,0.0,339.2396335,303.6,0
Aru,2026-06-17,26,3.0,1.0,0.0,0.0,0.0,0.0,339.2396335,303.6,0
Aru,2026-06-18,27,3.0,1.0,0.0,0.0,0.0,0.0,339.2396335,303.6,0
Aru,2026-06-19,28,3.0,1.0,0.0,0.0,0.0,0.0,339.2396335,303.6,0
Aru,2026-06-20,29,3.0,1.0,0.0,0.0,0.0,0.0,339.2396335,303.6,0
Aru,2026-06-21,30,3.0,1.0,0.0,0.0,0.0,0.0,339.2396335,303.6,0
Aru,2026-06-22,31,3.0,1.0,0.0,0.0,0.0,0.0,339.2396335,303.6,0
Aru,2026-06-23,32,3.0,1.0,0.0,0.0,0.0,0.0,339.2396335,303.6,0
Aru,2026-06-24,33,3.0,1.0,0.0,0.0,0.0,0.0,339.2396335,303.6,0
Aru,2026-06-25,34,3.0,1.0,0.0,0.0,0.0,0.0,339.2396335,303.6,0
Aru,2026-06-29,38,3.0,1.0,0.0,0.0,0.0,0.0,339.2396335,303.6,0
Aru,2026-06-30,39,3.0,1.0,0.0,0.0,0.0,0.0,339.2396335,303.6,0
Aru,2026-07-01,40,3.0,1.0,0.0,0.0,0.0,0.0,339.2396335,303.6,0
Aru,2026-07-02,41,3.0,1.0,0.0,0.0,0.0,0.0,339.2396335,303.6,0
Aru,2026-07-03,42,3.0,1.0,0.0,0.0,0.0,0.0,339.2396335,303.6,0
Aru,2026-07-04,43,3.0,1.0,0.0,0.0,0.0,0.0,339.2396335,303.6,0
Aru,2026-07-05,44,3.0,1.0,0.0,0.0,0.0,0.0,339.2396335,303.6,0
Aru,2026-07-06,45,3.0,1.0,0.0,0.0,0.0,0.0,339.2396335,303.6,0
Aru,2026-07-07,46,3.0,1.0,0.0,0.0,0.0,0.0,339.2396335,303.6,0
Aru,2026-07-08,47,3.0,1.0,0.0,0.0,0.0,0.0,339.2396335,303.6,0
Aru,2026-07-09,48,3.0,1.0,0.0,0.0,0.0,0.0,339.2396335,303.6,0
Aru,2026-07-10,49,3.0,1.0,0.0,0.0,0.0,0.0,339.2396335,303.6,0
Aungba,2026-05-28,0,1.0,0.0,0.0,0.0,0.0,0.0,171.0630753,248.0,0
Aungba,2026-05-29,1,1.0,0.0,0.0,0.0,0.0,0.0,171.0630753,248.0,0
Aungba,2026-05-30,2,1.0,0.0,0.0,0.0,0.0,0.0,171.0630753,248.0,0
Aungba,2026-06-01,4,1.0,0.0,0.0,0.0,0.0,0.0,171.0630753,248.0,1
Aungba,2026-06-02,5,1.0,0.0,0.0,0.0,0.0,0.0,171.0630753,248.0,1
Aungba,2026-06-03,6,1.0,0.0,0.0,0.0,0.0,0.0,171.0630753,248.0,1
Aungba,2026-06-04,7,1.0,0.0,0.0,0.0,0.0,0.0,171.0630753,248.0,1
Aungba,2026-06-05,8,1.0,0.0,0.0,0.0,0.0,0.0,171.0630753,248.0,1
Aungba,2026-06-06,9,1.0,0.0,0.0,0.0,0.0,0.0,171.0630753,248.0,1
Aungba,2026-06-07,10,1.0,0.0,0.0,0.0,0.0,0.0,171.0630753,248.0,1
Aungba,2026-06-08,11,2.0,1.0,0.0,0.0,0.0,0.0,171.0630753,248.0,0
Aungba,2026-06-09,12,2.0,1.0,0.0,0.0,0.0,0.0,171.0630753,248.0,1
Aungba,2026-06-10,13,2.0,1.0,0.0,0.0,0.0,0.0,171.0630753,248.0,1
Aungba,2026-06-11,14,2.0,1.0,0.0,0.0,0.0,0.0,171.0630753,248.0,1
Aungba,2026-06-13,16,2.0,1.0,0.0,0.0,0.0,0.0,171.0630753,248.0,1
Aungba,2026-06-14,17,2.0,1.0,0.0,0.0,0.0,0.0,171.0630753,248.0,1
Aungba,2026-06-15,18,2.0,1.0,0.0,0.0,0.0,0.0,171.0630753,248.0,1
Aungba,2026-06-16,19,2.0,0.0,0.0,0.0,0.0,0.0,171.0630753,248.0,1
Aungba,2026-06-17,20,4.0,1.0,0.0,0.0,0.0,0.0,171.0630753,248.0,1
Aungba,2026-06-18,21,6.0,2.0,0.0,0.0,0.0,0.0,171.0630753,248.0,0
Aungba,2026-06-19,22,6.0,2.0,0.0,0.0,0.0,0.0,171.0630753,248.0,0
Aungba,2026-06-20,23,6.0,2.0,0.0,0.0,0.0,0.0,171.0630753,248.0,0
Aungba,2026-06-21,24,6.0,2.0,0.0,0.0,0.0,0.0,171.0630753,248.0,0
Aungba,2026-06-22,25,6.0,2.0,0.0,0.0,0.0,0.0,171.0630753,248.0,0
Aungba,2026-06-23,26,6.0,2.0,0.0,0.0,0.0,0.0,171.0630753,248.0,0
Aungba,2026-06-24,27,6.0,2.0,0.0,0.0,0.0,0.0,171.0630753,248.0,0
Aungba,2026-06-25,28,6.0,2.0,0.0,0.0,0.0,0.0,171.0630753,248.0,0
Aungba,2026-06-29,32,6.0,2.0,0.0,0.0,0.0,0.0,171.0630753,248.0,0
Aungba,2026-06-30,33,6.0,2.0,0.0,0.0,0.0,0.0,171.0630753,248.0,0
Aungba,2026-07-01,34,6.0,2.0,0.0,0.0,0.0,0.0,171.0630753,248.0,0
Aungba,2026-07-02,35,6.0,2.0,0.0,0.0,0.0,0.0,171.0630753,248.0,0
Aungba,2026-07-03,36,6.0,2.0,0.0,0.0,0.0,0.0,171.0630753,248.0,0
Aungba,2026-07-04,37,6.0,2.0,0.0,0.0,0.0,0.0,171.0630753,248.0,0
Aungba,2026-07-05,38,6.0,2.0,0.0,0.0,0.0,0.0,171.0630753,248.0,0
Aungba,2026-07-06,39,6.0,2.0,0.0,0.0,0.0,0.0,171.0630753,248.0,0
Aungba,2026-07-07,40,6.0,2.0,0.0,0.0,0.0,0.0,171.0630753,248.0,0
Aungba,2026-07-08,41,6.0,2.0,0.0,0.0,0.0,0.0,171.0630753,248.0,0
Aungba,2026-07-09,42,6.0,2.0,0.0,0.0,0.0,0.0,171.0630753,248.0,0
Aungba,2026-07-10,43,6.0,2.0,0.0,0.0,0.0,0.0,171.0630753,248.0,0
Bambu,2026-05-20,0,1.0,0.0,0.0,128.0,2.0,0.0,293.7551135,54.3,0
Bambu,2026-05-21,1,1.0,0.0,0.0,0.0,2.0,0.0,293.7551135,54.3,1
Bambu,2026-05-22,2,1.0,0.0,0.0,0.0,4.0,0.0,293.7551135,54.3,1
Bambu,2026-05-23,3,0.0,0.0,0.0,183.0,6.0,2.0,293.7551135,54.3,1
Bambu,2026-05-24,4,2.0,0.0,0.0,183.0,6.0,2.0,293.7551135,54.3,1
Bambu,2026-05-25,5,0.0,0.0,0.0,183.0,6.0,2.0,293.7551135,54.3,1
Bambu,2026-05-26,6,0.0,0.0,0.0,183.0,10.0,2.0,293.7551135,54.3,1
Bambu,2026-05-27,7,0.0,0.0,0.0,244.0,6.0,2.0,293.7551135,54.3,1
Bambu,2026-05-28,8,2.0,2.0,0.0,244.0,14.0,3.0,293.7551135,54.3,1
Bambu,2026-05-29,9,2.0,2.0,0.0,345.0,14.0,3.0,293.7551135,54.3,1
Bambu,2026-05-30,10,2.0,2.0,0.0,345.0,14.0,3.0,293.7551135,54.3,1
Bambu,2026-06-01,12,2.0,2.0,0.0,0.0,0.0,0.0,293.7551135,54.3,1
Bambu,2026-06-02,13,2.0,2.0,0.0,0.0,0.0,0.0,293.7551135,54.3,1
Bambu,2026-06-03,14,2.0,2.0,0.0,0.0,0.0,0.0,293.7551135,54.3,1
Bambu,2026-06-04,15,5.0,2.0,0.0,0.0,0.0,0.0,293.7551135,54.3,1
Bambu,2026-06-05,16,5.0,2.0,0.0,0.0,0.0,0.0,293.7551135,54.3,1
Bambu,2026-06-06,17,5.0,2.0,0.0,0.0,0.0,0.0,293.7551135,54.3,1
Bambu,2026-06-07,18,5.0,2.0,0.0,0.0,0.0,0.0,293.7551135,54.3,1
Bambu,2026-06-08,19,5.0,2.0,0.0,0.0,0.0,0.0,293.7551135,54.3,1
Bambu,2026-06-09,20,5.0,2.0,0.0,0.0,0.0,0.0,293.7551135,54.3,1
Bambu,2026-06-10,21,7.0,2.0,0.0,0.0,0.0,0.0,293.7551135,54.3,1
Bambu,2026-06-11,22,7.0,2.0,0.0,0.0,0.0,0.0,293.7551135,54.3,1
Bambu,2026-06-13,24,7.0,2.0,0.0,0.0,0.0,0.0,293.7551135,54.3,1
Bambu,2026-06-14,25,7.0,2.0,0.0,0.0,0.0,0.0,293.7551135,54.3,1
Bambu,2026-06-15,26,7.0,2.0,0.0,0.0,0.0,0.0,293.7551135,54.3,1
Bambu,2026-06-16,27,7.0,0.0,0.0,0.0,0.0,0.0,293.7551135,54.3,1
Bambu,2026-06-17,28,9.0,2.0,0.0,0.0,0.0,0.0,293.7551135,54.3,1
Bambu,2026-06-18,29,9.0,2.0,0.0,0.0,0.0,0.0,293.7551135,54.3,1
Bambu,2026-06-19,30,9.0,2.0,0.0,0.0,0.0,0.0,293.7551135,54.3,1
Bambu,2026-06-20,31,14.0,2.0,0.0,0.0,0.0,0.0,293.7551135,54.3,1
Bambu,2026-06-21,32,14.0,2.0,0.0,0.0,0.0,0.0,293.7551135,54.3,1
Bambu,2026-06-22,33,14.0,2.0,0.0,0.0,0.0,0.0,293.7551135,54.3,1
Bambu,2026-06-23,34,14.0,2.0,0.0,0.0,0.0,0.0,293.7551135,54.3,1
Bambu,2026-06-24,35,14.0,2.0,0.0,0.0,0.0,0.0,293.7551135,54.3,1
Bambu,2026-06-25,36,14.0,3.0,0.0,0.0,0.0,0.0,293.7551135,54.3,1
Bambu,2026-06-29,40,16.0,4.0,0.0,0.0,0.0,0.0,293.7551135,54.3,1
Bambu,2026-06-30,41,16.0,5.0,0.0,0.0,0.0,0.0,293.7551135,54.3,1
Bambu,2026-07-01,42,16.0,5.0,0.0,0.0,0.0,0.0,293.7551135,54.3,1
Bambu,2026-07-02,43,18.0,5.0,0.0,0.0,0.0,0.0,293.7551135,54.3,1
Bambu,2026-07-03,44,18.0,5.0,0.0,0.0,0.0,0.0,293.7551135,54.3,1
Bambu,2026-07-04,45,18.0,5.0,0.0,0.0,0.0,0.0,293.7551135,54.3,1
Bambu,2026-07-05,46,25.0,6.0,0.0,0.0,0.0,0.0,293.7551135,54.3,1
Bambu,2026-07-06,47,28.0,9.0,0.0,0.0,0.0,0.0,293.7551135,54.3,1
Bambu,2026-07-07,48,28.0,9.0,0.0,0.0,0.0,0.0,293.7551135,54.3,1
Bambu,2026-07-08,49,29.0,10.0,0.0,0.0,0.0,0.0,293.7551135,54.3,1
Bambu,2026-07-09,50,29.0,10.0,0.0,0.0,0.0,0.0,293.7551135,54.3,1
Bambu,2026-07-10,51,31.0,10.0,0.0,0.0,0.0,0.0,293.7551135,54.3,0
Beni,2026-05-28,0,2.0,0.0,0.0,0.0,0.0,0.0,583.6948142,189.9,0
Beni,2026-05-29,1,2.0,0.0,0.0,0.0,0.0,0.0,583.6948142,189.9,0
Beni,2026-05-30,2,2.0,0.0,0.0,0.0,0.0,0.0,583.6948142,189.9,1
Beni,2026-06-01,4,5.0,3.0,0.0,0.0,0.0,0.0,583.6948142,189.9,1
Beni,2026-06-02,5,5.0,3.0,0.0,0.0,0.0,0.0,583.6948142,189.9,1
Beni,2026-06-03,6,5.0,3.0,0.0,0.0,0.0,0.0,583.6948142,189.9,1
Beni,2026-06-04,7,5.0,3.0,0.0,0.0,0.0,0.0,583.6948142,189.9,1
Beni,2026-06-05,8,5.0,3.0,0.0,0.0,0.0,0.0,583.6948142,189.9,1
Beni,2026-06-06,9,5.0,3.0,0.0,0.0,0.0,0.0,583.6948142,189.9,1
Beni,2026-06-07,10,9.0,7.0,0.0,0.0,0.0,0.0,583.6948142,189.9,1
Beni,2026-06-08,11,9.0,7.0,0.0,0.0,0.0,0.0,583.6948142,189.9,1
Beni,2026-06-09,12,9.0,7.0,0.0,0.0,0.0,0.0,583.6948142,189.9,1
Beni,2026-06-10,13,9.0,7.0,0.0,0.0,0.0,0.0,583.6948142,189.9,1
Beni,2026-06-11,14,9.0,5.0,0.0,0.0,0.0,0.0,583.6948142,189.9,1
Beni,2026-06-13,16,14.0,10.0,0.0,0.0,0.0,0.0,583.6948142,189.9,1
Beni,2026-06-14,17,14.0,10.0,0.0,0.0,0.0,0.0,583.6948142,189.9,1
Beni,2026-06-15,18,14.0,10.0,0.0,0.0,0.0,0.0,583.6948142,189.9,1
Beni,2026-06-16,19,14.0,0.0,0.0,0.0,0.0,0.0,583.6948142,189.9,1
Beni,2026-06-17,20,15.0,12.0,0.0,0.0,0.0,0.0,583.6948142,189.9,1
Beni,2026-06-18,21,16.0,12.0,0.0,0.0,0.0,0.0,583.6948142,189.9,1
Beni,2026-06-19,22,16.0,12.0,0.0,0.0,0.0,0.0,583.6948142,189.9,1
Beni,2026-06-20,23,17.0,12.0,0.0,0.0,0.0,0.0,583.6948142,189.9,1
Beni,2026-06-21,24,18.0,12.0,0.0,0.0,0.0,0.0,583.6948142,189.9,1
Beni,2026-06-22,25,20.0,12.0,0.0,0.0,0.0,0.0,583.6948142,189.9,1
Beni,2026-06-23,26,20.0,12.0,0.0,0.0,0.0,0.0,583.6948142,189.9,1
Beni,2026-06-24,27,20.0,12.0,0.0,0.0,0.0,0.0,583.6948142,189.9,1
Beni,2026-06-25,28,22.0,13.0,0.0,0.0,0.0,0.0,583.6948142,189.9,1
Beni,2026-06-29,32,22.0,14.0,0.0,0.0,0.0,0.0,583.6948142,189.9,1
Beni,2026-06-30,33,24.0,15.0,0.0,0.0,0.0,0.0,583.6948142,189.9,1
Beni,2026-07-01,34,26.0,15.0,0.0,0.0,0.0,0.0,583.6948142,189.9,1
Beni,2026-07-02,35,28.0,16.0,0.0,0.0,0.0,0.0,583.6948142,189.9,1
Beni,2026-07-03,36,29.0,17.0,0.0,0.0,0.0,0.0,583.6948142,189.9,1
Beni,2026-07-04,37,29.0,17.0,0.0,0.0,0.0,0.0,583.6948142,189.9,1
Beni,2026-07-05,38,29.0,17.0,0.0,0.0,0.0,0.0,583.6948142,189.9,1
Beni,2026-07-06,39,29.0,19.0,0.0,0.0,0.0,0.0,583.6948142,189.9,1
Beni,2026-07-07,40,29.0,19.0,0.0,0.0,0.0,0.0,583.6948142,189.9,1
Beni,2026-07-08,41,29.0,19.0,0.0,0.0,0.0,0.0,583.6948142,189.9,1
Beni,2026-07-09,42,30.0,20.0,0.0,0.0,0.0,0.0,583.6948142,189.9,0
Beni,2026-07-10,43,30.0,20.0,0.0,0.0,0.0,0.0,583.6948142,189.9,0
Bunia,2026-05-15,0,0.0,0.0,4.0,0.0,8.0,0.0,4336.145734,0.0,0
Bunia,2026-05-18,0,6.0,0.0,13.0,127.0,61.0,18.0,4336.145734,0.0,0
Bunia,2026-05-19,1,6.0,0.0,43.0,203.0,90.0,23.0,4336.145734,0.0,1
Bunia,2026-05-20,2,11.0,0.0,73.0,203.0,125.0,31.0,4336.145734,0.0,1
Bunia,2026-05-21,3,15.0,1.0,114.0,290.0,166.0,34.0,4336.145734,0.0,1
Bunia,2026-05-22,4,23.0,2.0,142.0,290.0,227.0,42.0,4336.145734,0.0,1
Bunia,2026-05-23,5,24.0,2.0,164.0,404.0,249.0,48.0,4336.145734,0.0,1
Bunia,2026-05-24,6,24.0,2.0,0.0,404.0,249.0,48.0,4336.145734,0.0,1
Bunia,2026-05-25,7,24.0,2.0,0.0,404.0,270.0,55.0,4336.145734,0.0,1
Bunia,2026-05-26,8,36.0,2.0,0.0,404.0,279.0,55.0,4336.145734,0.0,1
Bunia,2026-05-27,9,37.0,2.0,0.0,404.0,249.0,48.0,4336.145734,0.0,1
Bunia,2026-05-28,10,80.0,8.0,0.0,404.0,268.0,57.0,4336.145734,0.0,1
Bunia,2026-05-29,11,80.0,8.0,0.0,404.0,268.0,57.0,4336.145734,0.0,1
Bunia,2026-05-30,12,80.0,8.0,0.0,404.0,268.0,57.0,4336.145734,0.0,1
Bunia,2026-06-01,14,80.0,8.0,0.0,0.0,0.0,0.0,4336.145734,0.0,1
Bunia,2026-06-02,15,85.0,8.0,0.0,0.0,0.0,0.0,4336.145734,0.0,1
Bunia,2026-06-03,16,97.0,9.0,0.0,0.0,0.0,0.0,4336.145734,0.0,1
Bunia,2026-06-04,17,123.0,11.0,0.0,0.0,0.0,0.0,4336.145734,0.0,1
Bunia,2026-06-05,18,138.0,14.0,0.0,0.0,0.0,0.0,4336.145734,0.0,1
Bunia,2026-06-06,19,142.0,14.0,0.0,0.0,0.0,0.0,4336.145734,0.0,1
Bunia,2026-06-07,20,152.0,15.0,0.0,0.0,0.0,0.0,4336.145734,0.0,1
Bunia,2026-06-08,21,163.0,15.0,0.0,0.0,0.0,0.0,4336.145734,0.0,1
Bunia,2026-06-09,22,173.0,15.0,0.0,0.0,0.0,0.0,4336.145734,0.0,1
Bunia,2026-06-10,23,185.0,17.0,0.0,0.0,0.0,0.0,4336.145734,0.0,1
Bunia,2026-06-11,24,191.0,17.0,0.0,0.0,0.0,0.0,4336.145734,0.0,1
Bunia,2026-06-13,26,212.0,20.0,0.0,0.0,0.0,0.0,4336.145734,0.0,1
Bunia,2026-06-14,27,215.0,20.0,0.0,0.0,0.0,0.0,4336.145734,0.0,1
Bunia,2026-06-15,28,215.0,20.0,0.0,0.0,0.0,0.0,4336.145734,0.0,1
Bunia,2026-06-16,29,226.0,0.0,0.0,0.0,0.0,0.0,4336.145734,0.0,1
Bunia,2026-06-17,30,247.0,41.0,0.0,0.0,0.0,0.0,4336.145734,0.0,1
Bunia,2026-06-18,31,253.0,42.0,0.0,0.0,0.0,0.0,4336.145734,0.0,1
Bunia,2026-06-19,32,259.0,42.0,0.0,0.0,0.0,0.0,4336.145734,0.0,1
Bunia,2026-06-20,33,275.0,44.0,0.0,0.0,0.0,0.0,4336.145734,0.0,1
Bunia,2026-06-21,34,285.0,45.0,0.0,0.0,0.0,0.0,4336.145734,0.0,1
Bunia,2026-06-22,35,296.0,48.0,0.0,0.0,0.0,0.0,4336.145734,0.0,1
Bunia,2026-06-23,36,304.0,54.0,0.0,0.0,0.0,0.0,4336.145734,0.0,1
Bunia,2026-06-24,37,314.0,60.0,0.0,0.0,0.0,0.0,4336.145734,0.0,1
Bunia,2026-06-25,38,323.0,64.0,0.0,0.0,0.0,0.0,4336.145734,0.0,1
Bunia,2026-06-29,42,358.0,82.0,0.0,0.0,0.0,0.0,4336.145734,0.0,1
Bunia,2026-06-30,43,387.0,94.0,0.0,0.0,0.0,0.0,4336.145734,0.0,1
Bunia,2026-07-01,44,416.0,103.0,0.0,0.0,0.0,0.0,4336.145734,0.0,1
Bunia,2026-07-02,45,426.0,106.0,0.0,0.0,0.0,0.0,4336.145734,0.0,1
Bunia,2026-07-03,46,431.0,112.0,0.0,0.0,0.0,0.0,4336.145734,0.0,1
Bunia,2026-07-04,47,438.0,118.0,0.0,0.0,0.0,0.0,4336.145734,0.0,1
Bunia,2026-07-05,48,452.0,121.0,0.0,0.0,0.0,0.0,4336.145734,0.0,1
Bunia,2026-07-06,49,472.0,134.0,0.0,0.0,0.0,0.0,4336.145734,0.0,1
Bunia,2026-07-07,50,483.0,137.0,0.0,0.0,0.0,0.0,4336.145734,0.0,1
Bunia,2026-07-08,51,487.0,141.0,0.0,0.0,0.0,0.0,4336.145734,0.0,1
Bunia,2026-07-09,52,495.0,149.0,0.0,0.0,0.0,0.0,4336.145734,0.0,1
Bunia,2026-07-10,53,503.0,156.0,0.0,0.0,0.0,0.0,4336.145734,0.0,1
Butembo,2026-05-18,0,1.0,0.0,0.0,0.0,1.0,0.0,3648.622162,245.1,0
Butembo,2026-05-19,1,1.0,0.0,0.0,0.0,1.0,0.0,3648.622162,245.1,0
Butembo,2026-05-20,2,1.0,0.0,0.0,0.0,7.0,0.0,3648.622162,245.1,1
Butembo,2026-05-21,3,2.0,0.0,0.0,0.0,7.0,0.0,3648.622162,245.1,1
Butembo,2026-05-22,4,2.0,0.0,0.0,0.0,7.0,0.0,3648.622162,245.1,1
Butembo,2026-05-23,5,1.0,0.0,0.0,0.0,7.0,0.0,3648.622162,245.1,1
Butembo,2026-05-24,6,3.0,0.0,0.0,22.0,7.0,0.0,3648.622162,245.1,1
Butembo,2026-05-25,7,3.0,0.0,0.0,22.0,7.0,0.0,3648.622162,245.1,1
Butembo,2026-05-26,8,3.0,0.0,0.0,22.0,10.0,0.0,3648.622162,245.1,1
Butembo,2026-05-27,9,5.0,0.0,0.0,28.0,7.0,0.0,3648.622162,245.1,1
Butembo,2026-05-28,10,5.0,2.0,0.0,28.0,7.0,0.0,3648.622162,245.1,1
Butembo,2026-05-29,11,5.0,2.0,0.0,48.0,7.0,0.0,3648.622162,245.1,1
Butembo,2026-05-30,12,5.0,2.0,0.0,48.0,7.0,0.0,3648.622162,245.1,1
Butembo,2026-06-01,14,2.0,2.0,0.0,0.0,0.0,0.0,3648.622162,245.1,1
Butembo,2026-06-02,15,2.0,2.0,0.0,0.0,0.0,0.0,3648.622162,245.1,1
Butembo,2026-06-03,16,2.0,2.0,0.0,0.0,0.0,0.0,3648.622162,245.1,1
Butembo,2026-06-04,17,4.0,2.0,0.0,0.0,0.0,0.0,3648.622162,245.1,1
Butembo,2026-06-05,18,4.0,2.0,0.0,0.0,0.0,0.0,3648.622162,245.1,1
Butembo,2026-06-06,19,4.0,2.0,0.0,0.0,0.0,0.0,3648.622162,245.1,1
Butembo,2026-06-07,20,4.0,2.0,0.0,0.0,0.0,0.0,3648.622162,245.1,1
Butembo,2026-06-08,21,6.0,4.0,0.0,0.0,0.0,0.0,3648.622162,245.1,1
Butembo,2026-06-09,22,6.0,4.0,0.0,0.0,0.0,0.0,3648.622162,245.1,1
Butembo,2026-06-10,23,9.0,5.0,0.0,0.0,0.0,0.0,3648.622162,245.1,1
Butembo,2026-06-11,24,7.0,5.0,0.0,0.0,0.0,0.0,3648.622162,245.1,1
Butembo,2026-06-13,26,18.0,7.0,0.0,0.0,0.0,0.0,3648.622162,245.1,1
Butembo,2026-06-14,27,19.0,7.0,0.0,0.0,0.0,0.0,3648.622162,245.1,1
Butembo,2026-06-15,28,19.0,7.0,0.0,0.0,0.0,0.0,3648.622162,245.1,1
Butembo,2026-06-16,29,24.0,0.0,0.0,0.0,0.0,0.0,3648.622162,245.1,1
Butembo,2026-06-17,30,25.0,11.0,0.0,0.0,0.0,0.0,3648.622162,245.1,1
Butembo,2026-06-18,31,25.0,11.0,0.0,0.0,0.0,0.0,3648.622162,245.1,1
Butembo,2026-06-19,32,25.0,11.0,0.0,0.0,0.0,0.0,3648.622162,245.1,1
Butembo,2026-06-20,33,27.0,13.0,0.0,0.0,0.0,0.0,3648.622162,245.1,1
Butembo,2026-06-21,34,28.0,13.0,0.0,0.0,0.0,0.0,3648.622162,245.1,1
Butembo,2026-06-22,35,28.0,13.0,0.0,0.0,0.0,0.0,3648.622162,245.1,1
Butembo,2026-06-23,36,29.0,13.0,0.0,0.0,0.0,0.0,3648.622162,245.1,1
Butembo,2026-06-24,37,31.0,13.0,0.0,0.0,0.0,0.0,3648.622162,245.1,1
Butembo,2026-06-25,38,33.0,14.0,0.0,0.0,0.0,0.0,3648.622162,245.1,1
Butembo,2026-06-29,42,34.0,14.0,0.0,0.0,0.0,0.0,3648.622162,245.1,1
Butembo,2026-06-30,43,34.0,15.0,0.0,0.0,0.0,0.0,3648.622162,245.1,1
Butembo,2026-07-01,44,34.0,15.0,0.0,0.0,0.0,0.0,3648.622162,245.1,1
Butembo,2026-07-02,45,38.0,16.0,0.0,0.0,0.0,0.0,3648.622162,245.1,1
Butembo,2026-07-03,46,40.0,18.0,0.0,0.0,0.0,0.0,3648.622162,245.1,1
Butembo,2026-07-04,47,40.0,18.0,0.0,0.0,0.0,0.0,3648.622162,245.1,1
Butembo,2026-07-05,48,40.0,18.0,0.0,0.0,0.0,0.0,3648.622162,245.1,1
Butembo,2026-07-06,49,41.0,20.0,0.0,0.0,0.0,0.0,3648.622162,245.1,1
Butembo,2026-07-07,50,42.0,20.0,0.0,0.0,0.0,0.0,3648.622162,245.1,1
Butembo,2026-07-08,51,42.0,20.0,0.0,0.0,0.0,0.0,3648.622162,245.1,1
Butembo,2026-07-09,52,43.0,20.0,0.0,0.0,0.0,0.0,3648.622162,245.1,1
Butembo,2026-07-10,53,43.0,20.0,0.0,0.0,0.0,0.0,3648.622162,245.1,1
Damas,2026-05-26,0,0.0,0.0,0.0,0.0,4.0,2.0,53.18510803,154.1,1
Damas,2026-05-27,0,0.0,0.0,0.0,0.0,0.0,0.0,53.18510803,154.1,1
Damas,2026-05-28,0,1.0,0.0,0.0,0.0,1.0,0.0,53.18510803,154.1,1
Damas,2026-05-29,1,1.0,0.0,0.0,0.0,1.0,0.0,53.18510803,154.1,1
Damas,2026-05-30,2,1.0,0.0,0.0,0.0,1.0,0.0,53.18510803,154.1,1
Damas,2026-06-01,4,1.0,0.0,0.0,0.0,0.0,0.0,53.18510803,154.1,1
Damas,2026-06-02,5,2.0,0.0,0.0,0.0,0.0,0.0,53.18510803,154.1,1
Damas,2026-06-03,6,3.0,0.0,0.0,0.0,0.0,0.0,53.18510803,154.1,0
Damas,2026-06-04,7,3.0,0.0,0.0,0.0,0.0,0.0,53.18510803,154.1,0
Damas,2026-06-05,8,3.0,0.0,0.0,0.0,0.0,0.0,53.18510803,154.1,1
Damas,2026-06-06,9,3.0,0.0,0.0,0.0,0.0,0.0,53.18510803,154.1,1
Damas,2026-06-07,10,3.0,0.0,0.0,0.0,0.0,0.0,53.18510803,154.1,1
Damas,2026-06-08,11,3.0,0.0,0.0,0.0,0.0,0.0,53.18510803,154.1,1
Damas,2026-06-09,12,3.0,0.0,0.0,0.0,0.0,0.0,53.18510803,154.1,1
Damas,2026-06-10,13,3.0,0.0,0.0,0.0,0.0,0.0,53.18510803,154.1,1
Damas,2026-06-11,14,3.0,0.0,0.0,0.0,0.0,0.0,53.18510803,154.1,1
Damas,2026-06-13,16,4.0,0.0,0.0,0.0,0.0,0.0,53.18510803,154.1,0
Damas,2026-06-14,17,4.0,0.0,0.0,0.0,0.0,0.0,53.18510803,154.1,0
Damas,2026-06-15,18,4.0,0.0,0.0,0.0,0.0,0.0,53.18510803,154.1,0
Damas,2026-06-16,19,4.0,0.0,0.0,0.0,0.0,0.0,53.18510803,154.1,0
Damas,2026-06-17,20,4.0,0.0,0.0,0.0,0.0,0.0,53.18510803,154.1,0
Damas,2026-06-18,21,4.0,0.0,0.0,0.0,0.0,0.0,53.18510803,154.1,0
Damas,2026-06-19,22,4.0,0.0,0.0,0.0,0.0,0.0,53.18510803,154.1,1
Damas,2026-06-20,23,4.0,0.0,0.0,0.0,0.0,0.0,53.18510803,154.1,1
Damas,2026-06-21,24,4.0,0.0,0.0,0.0,0.0,0.0,53.18510803,154.1,1
Damas,2026-06-22,25,4.0,0.0,0.0,0.0,0.0,0.0,53.18510803,154.1,1
Damas,2026-06-23,26,4.0,0.0,0.0,0.0,0.0,0.0,53.18510803,154.1,1
Damas,2026-06-24,27,4.0,0.0,0.0,0.0,0.0,0.0,53.18510803,154.1,1
Damas,2026-06-25,28,4.0,0.0,0.0,0.0,0.0,0.0,53.18510803,154.1,1
Damas,2026-06-29,32,5.0,0.0,0.0,0.0,0.0,0.0,53.18510803,154.1,0
Damas,2026-06-30,33,5.0,0.0,0.0,0.0,0.0,0.0,53.18510803,154.1,0
Damas,2026-07-01,34,5.0,0.0,0.0,0.0,0.0,0.0,53.18510803,154.1,0
Damas,2026-07-02,35,5.0,0.0,0.0,0.0,0.0,0.0,53.18510803,154.1,0
Damas,2026-07-03,36,5.0,0.0,0.0,0.0,0.0,0.0,53.18510803,154.1,0
Damas,2026-07-04,37,5.0,0.0,0.0,0.0,0.0,0.0,53.18510803,154.1,0
Damas,2026-07-05,38,5.0,0.0,0.0,0.0,0.0,0.0,53.18510803,154.1,0
Damas,2026-07-06,39,5.0,0.0,0.0,0.0,0.0,0.0,53.18510803,154.1,0
Damas,2026-07-07,40,5.0,0.0,0.0,0.0,0.0,0.0,53.18510803,154.1,0
Damas,2026-07-08,41,5.0,0.0,0.0,0.0,0.0,0.0,53.18510803,154.1,0
Damas,2026-07-09,42,5.0,0.0,0.0,0.0,0.0,0.0,53.18510803,154.1,0
Damas,2026-07-10,43,5.0,0.0,0.0,0.0,0.0,0.0,53.18510803,154.1,0
Drodro,2026-06-17,0,1.0,1.0,0.0,0.0,0.0,0.0,349.7340332,61.3,0
Drodro,2026-06-18,1,1.0,1.0,0.0,0.0,0.0,0.0,349.7340332,61.3,0
Drodro,2026-06-19,2,1.0,1.0,0.0,0.0,0.0,0.0,349.7340332,61.3,1
Drodro,2026-06-20,3,1.0,1.0,0.0,0.0,0.0,0.0,349.7340332,61.3,1
Drodro,2026-06-21,4,1.0,1.0,0.0,0.0,0.0,0.0,349.7340332,61.3,1
Drodro,2026-06-22,5,1.0,1.0,0.0,0.0,0.0,0.0,349.7340332,61.3,1
Drodro,2026-06-23,6,1.0,1.0,0.0,0.0,0.0,0.0,349.7340332,61.3,1
Drodro,2026-06-24,7,1.0,0.0,0.0,0.0,0.0,0.0,349.7340332,61.3,1
Drodro,2026-06-25,8,1.0,1.0,0.0,0.0,0.0,0.0,349.7340332,61.3,1
Drodro,2026-06-29,12,3.0,3.0,0.0,0.0,0.0,0.0,349.7340332,61.3,0
Drodro,2026-06-30,13,3.0,3.0,0.0,0.0,0.0,0.0,349.7340332,61.3,0
Drodro,2026-07-01,14,3.0,3.0,0.0,0.0,0.0,0.0,349.7340332,61.3,0
Drodro,2026-07-02,15,3.0,3.0,0.0,0.0,0.0,0.0,349.7340332,61.3,0
Drodro,2026-07-03,16,3.0,3.0,0.0,0.0,0.0,0.0,349.7340332,61.3,1
Drodro,2026-07-04,17,3.0,3.0,0.0,0.0,0.0,0.0,349.7340332,61.3,1
Drodro,2026-07-05,18,3.0,3.0,0.0,0.0,0.0,0.0,349.7340332,61.3,1
Drodro,2026-07-06,19,3.0,3.0,0.0,0.0,0.0,0.0,349.7340332,61.3,1
Drodro,2026-07-07,20,3.0,3.0,0.0,0.0,0.0,0.0,349.7340332,61.3,1
Drodro,2026-07-08,21,3.0,3.0,0.0,0.0,0.0,0.0,349.7340332,61.3,1
Drodro,2026-07-09,22,3.0,3.0,0.0,0.0,0.0,0.0,349.7340332,61.3,1
Drodro,2026-07-10,23,4.0,3.0,0.0,0.0,0.0,0.0,349.7340332,61.3,0
Fataki,2026-05-26,0,0.0,0.0,0.0,0.0,1.0,1.0,374.843917,96.3,0
Fataki,2026-05-27,0,0.0,0.0,0.0,0.0,0.0,0.0,374.843917,96.3,0
Fataki,2026-06-16,0,1.0,0.0,0.0,0.0,0.0,0.0,374.843917,96.3,0
Fataki,2026-06-17,1,1.0,0.0,0.0,0.0,0.0,0.0,374.843917,96.3,0
Fataki,2026-06-18,2,1.0,0.0,0.0,0.0,0.0,0.0,374.843917,96.3,0
Fataki,2026-06-19,3,1.0,0.0,0.0,0.0,0.0,0.0,374.843917,96.3,0
Fataki,2026-06-20,4,1.0,0.0,0.0,0.0,0.0,0.0,374.843917,96.3,0
Fataki,2026-06-21,5,1.0,0.0,0.0,0.0,0.0,0.0,374.843917,96.3,0
Fataki,2026-06-22,6,1.0,0.0,0.0,0.0,0.0,0.0,374.843917,96.3,0
Fataki,2026-06-23,7,1.0,0.0,0.0,0.0,0.0,0.0,374.843917,96.3,0
Fataki,2026-06-24,8,1.0,0.0,0.0,0.0,0.0,0.0,374.843917,96.3,0
Fataki,2026-06-25,9,1.0,0.0,0.0,0.0,0.0,0.0,374.843917,96.3,1
Fataki,2026-06-29,13,1.0,0.0,0.0,0.0,0.0,0.0,374.843917,96.3,1
Fataki,2026-06-30,14,1.0,0.0,0.0,0.0,0.0,0.0,374.843917,96.3,1
Fataki,2026-07-01,15,1.0,0.0,0.0,0.0,0.0,0.0,374.843917,96.3,1
Fataki,2026-07-02,16,1.0,0.0,0.0,0.0,0.0,0.0,374.843917,96.3,1
Fataki,2026-07-03,17,1.0,0.0,0.0,0.0,0.0,0.0,374.843917,96.3,1
Fataki,2026-07-04,18,1.0,0.0,0.0,0.0,0.0,0.0,374.843917,96.3,1
Fataki,2026-07-05,19,2.0,0.0,0.0,0.0,0.0,0.0,374.843917,96.3,1
Fataki,2026-07-06,20,3.0,1.0,0.0,0.0,0.0,0.0,374.843917,96.3,1
Fataki,2026-07-07,21,4.0,1.0,0.0,0.0,0.0,0.0,374.843917,96.3,0
Fataki,2026-07-08,22,4.0,1.0,0.0,0.0,0.0,0.0,374.843917,96.3,0
Fataki,2026-07-09,23,4.0,1.0,0.0,0.0,0.0,0.0,374.843917,96.3,0
Fataki,2026-07-10,24,4.0,1.0,0.0,0.0,0.0,0.0,374.843917,96.3,0
Gety,2026-05-28,0,1.0,0.0,0.0,0.0,3.0,0.0,86.02993139,84.5,0
Gety,2026-05-29,1,1.0,0.0,0.0,0.0,3.0,0.0,86.02993139,84.5,0
Gety,2026-05-30,2,1.0,0.0,0.0,0.0,3.0,0.0,86.02993139,84.5,0
Gety,2026-06-01,4,1.0,0.0,0.0,0.0,0.0,0.0,86.02993139,84.5,0
Gety,2026-06-02,5,1.0,0.0,0.0,0.0,0.0,0.0,86.02993139,84.5,0
Gety,2026-06-03,6,1.0,0.0,0.0,0.0,0.0,0.0,86.02993139,84.5,0
Gety,2026-06-04,7,1.0,0.0,0.0,0.0,0.0,0.0,86.02993139,84.5,0
Gety,2026-06-05,8,1.0,0.0,0.0,0.0,0.0,0.0,86.02993139,84.5,0
Gety,2026-06-06,9,1.0,0.0,0.0,0.0,0.0,0.0,86.02993139,84.5,0
Gety,2026-06-07,10,1.0,0.0,0.0,0.0,0.0,0.0,86.02993139,84.5,0
Gety,2026-06-08,11,1.0,0.0,0.0,0.0,0.0,0.0,86.02993139,84.5,0
Gety,2026-06-09,12,1.0,0.0,0.0,0.0,0.0,0.0,86.02993139,84.5,0
Gety,2026-06-10,13,1.0,0.0,0.0,0.0,0.0,0.0,86.02993139,84.5,0
Gety,2026-06-11,14,1.0,0.0,0.0,0.0,0.0,0.0,86.02993139,84.5,0
Gety,2026-06-13,16,1.0,0.0,0.0,0.0,0.0,0.0,86.02993139,84.5,0
Gety,2026-06-14,17,1.0,0.0,0.0,0.0,0.0,0.0,86.02993139,84.5,0
Gety,2026-06-15,18,1.0,0.0,0.0,0.0,0.0,0.0,86.02993139,84.5,0
Gety,2026-06-16,19,1.0,0.0,0.0,0.0,0.0,0.0,86.02993139,84.5,0
Gety,2026-06-17,20,1.0,0.0,0.0,0.0,0.0,0.0,86.02993139,84.5,0
Gety,2026-06-18,21,1.0,0.0,0.0,0.0,0.0,0.0,86.02993139,84.5,0
Gety,2026-06-19,22,1.0,0.0,0.0,0.0,0.0,0.0,86.02993139,84.5,0
Gety,2026-06-20,23,1.0,0.0,0.0,0.0,0.0,0.0,86.02993139,84.5,0
Gety,2026-06-21,24,1.0,0.0,0.0,0.0,0.0,0.0,86.02993139,84.5,0
Gety,2026-06-22,25,1.0,0.0,0.0,0.0,0.0,0.0,86.02993139,84.5,0
Gety,2026-06-23,26,1.0,0.0,0.0,0.0,0.0,0.0,86.02993139,84.5,0
Gety,2026-06-24,27,1.0,0.0,0.0,0.0,0.0,0.0,86.02993139,84.5,0
Gety,2026-06-25,28,1.0,0.0,0.0,0.0,0.0,0.0,86.02993139,84.5,0
Gety,2026-06-29,32,1.0,0.0,0.0,0.0,0.0,0.0,86.02993139,84.5,0
Gety,2026-06-30,33,1.0,0.0,0.0,0.0,0.0,0.0,86.02993139,84.5,0
Gety,2026-07-01,34,1.0,0.0,0.0,0.0,0.0,0.0,86.02993139,84.5,0
Gety,2026-07-02,35,1.0,0.0,0.0,0.0,0.0,0.0,86.02993139,84.5,0
Gety,2026-07-03,36,1.0,0.0,0.0,0.0,0.0,0.0,86.02993139,84.5,0
Gety,2026-07-04,37,1.0,0.0,0.0,0.0,0.0,0.0,86.02993139,84.5,0
Gety,2026-07-05,38,1.0,0.0,0.0,0.0,0.0,0.0,86.02993139,84.5,0
Gety,2026-07-06,39,1.0,0.0,0.0,0.0,0.0,0.0,86.02993139,84.5,0
Gety,2026-07-07,40,1.0,0.0,0.0,0.0,0.0,0.0,86.02993139,84.5,0
Gety,2026-07-08,41,1.0,0.0,0.0,0.0,0.0,0.0,86.02993139,84.5,0
Gety,2026-07-09,42,1.0,0.0,0.0,0.0,0.0,0.0,86.02993139,84.5,0
Gety,2026-07-10,43,1.0,0.0,0.0,0.0,0.0,0.0,86.02993139,84.5,0
Goma,2026-05-18,0,1.0,0.0,0.0,0.0,1.0,0.0,8413.395781,466.9,0
Goma,2026-05-19,1,1.0,0.0,0.0,0.0,1.0,0.0,8413.395781,466.9,0
Goma,2026-05-20,2,1.0,0.0,0.0,0.0,1.0,0.0,8413.395781,466.9,0
Goma,2026-05-21,3,1.0,0.0,0.0,0.0,1.0,0.0,8413.395781,466.9,0
Goma,2026-05-22,4,1.0,0.0,0.0,0.0,1.0,0.0,8413.395781,466.9,0
Goma,2026-05-23,5,1.0,0.0,0.0,0.0,1.0,0.0,8413.395781,466.9,0
Goma,2026-05-24,6,1.0,0.0,0.0,28.0,0.0,0.0,8413.395781,466.9,0
Goma,2026-05-25,7,1.0,0.0,0.0,28.0,0.0,0.0,8413.395781,466.9,0
Goma,2026-05-26,8,1.0,0.0,0.0,28.0,0.0,0.0,8413.395781,466.9,0
Goma,2026-05-27,9,1.0,0.0,0.0,74.0,0.0,0.0,8413.395781,466.9,0
Goma,2026-05-28,10,1.0,0.0,0.0,74.0,0.0,0.0,8413.395781,466.9,0
Goma,2026-05-29,11,1.0,0.0,0.0,140.0,0.0,0.0,8413.395781,466.9,0
Goma,2026-05-30,12,1.0,0.0,0.0,140.0,0.0,0.0,8413.395781,466.9,0
Goma,2026-06-01,14,1.0,0.0,0.0,0.0,0.0,0.0,8413.395781,466.9,0
Goma,2026-06-02,15,1.0,0.0,0.0,0.0,0.0,0.0,8413.395781,466.9,0
Goma,2026-06-03,16,1.0,0.0,0.0,0.0,0.0,0.0,8413.395781,466.9,0
Goma,2026-06-04,17,1.0,0.0,0.0,0.0,0.0,0.0,8413.395781,466.9,0
Goma,2026-06-05,18,1.0,0.0,0.0,0.0,0.0,0.0,8413.395781,466.9,0
Goma,2026-06-06,19,1.0,0.0,0.0,0.0,0.0,0.0,8413.395781,466.9,0
Goma,2026-06-07,20,1.0,0.0,0.0,0.0,0.0,0.0,8413.395781,466.9,0
Goma,2026-06-08,21,1.0,0.0,0.0,0.0,0.0,0.0,8413.395781,466.9,0
Goma,2026-06-09,22,1.0,0.0,0.0,0.0,0.0,0.0,8413.395781,466.9,0
Goma,2026-06-10,23,1.0,0.0,0.0,0.0,0.0,0.0,8413.395781,466.9,0
Goma,2026-06-11,24,1.0,1.0,0.0,0.0,0.0,0.0,8413.395781,466.9,0
Goma,2026-06-13,26,1.0,0.0,0.0,0.0,0.0,0.0,8413.395781,466.9,0
Goma,2026-06-14,27,1.0,0.0,0.0,0.0,0.0,0.0,8413.395781,466.9,0
Goma,2026-06-15,28,1.0,0.0,0.0,0.0,0.0,0.0,8413.395781,466.9,0
Goma,2026-06-16,29,1.0,0.0,0.0,0.0,0.0,0.0,8413.395781,466.9,0
Goma,2026-06-17,30,1.0,0.0,0.0,0.0,0.0,0.0,8413.395781,466.9,0
Goma,2026-06-18,31,1.0,0.0,0.0,0.0,0.0,0.0,8413.395781,466.9,0
Goma,2026-06-19,32,1.0,0.0,0.0,0.0,0.0,0.0,8413.395781,466.9,0
Goma,2026-06-20,33,1.0,0.0,0.0,0.0,0.0,0.0,8413.395781,466.9,0
Goma,2026-06-21,34,1.0,0.0,0.0,0.0,0.0,0.0,8413.395781,466.9,0
Goma,2026-06-22,35,1.0,0.0,0.0,0.0,0.0,0.0,8413.395781,466.9,1
Goma,2026-06-23,36,1.0,0.0,0.0,0.0,0.0,0.0,8413.395781,466.9,1
Goma,2026-06-24,37,1.0,0.0,0.0,0.0,0.0,0.0,8413.395781,466.9,1
Goma,2026-06-25,38,1.0,0.0,0.0,0.0,0.0,0.0,8413.395781,466.9,1
Goma,2026-06-29,42,1.0,0.0,0.0,0.0,0.0,0.0,8413.395781,466.9,1
Goma,2026-06-30,43,1.0,0.0,0.0,0.0,0.0,0.0,8413.395781,466.9,1
Goma,2026-07-01,44,1.0,0.0,0.0,0.0,0.0,0.0,8413.395781,466.9,1
Goma,2026-07-02,45,2.0,0.0,0.0,0.0,0.0,0.0,8413.395781,466.9,0
Goma,2026-07-03,46,1.0,0.0,0.0,0.0,0.0,0.0,8413.395781,466.9,0
Goma,2026-07-04,47,1.0,0.0,0.0,0.0,0.0,0.0,8413.395781,466.9,0
Goma,2026-07-05,48,1.0,0.0,0.0,0.0,0.0,0.0,8413.395781,466.9,0
Goma,2026-07-06,49,1.0,0.0,0.0,0.0,0.0,0.0,8413.395781,466.9,0
Goma,2026-07-07,50,1.0,0.0,0.0,0.0,0.0,0.0,8413.395781,466.9,0
Goma,2026-07-08,51,1.0,0.0,0.0,0.0,0.0,0.0,8413.395781,466.9,0
Goma,2026-07-09,52,1.0,0.0,0.0,0.0,0.0,0.0,8413.395781,466.9,0
Goma,2026-07-10,53,1.0,0.0,0.0,0.0,0.0,0.0,8413.395781,466.9,0
Kalunguta,2026-05-24,0,1.0,0.0,0.0,0.0,0.0,0.0,217.2914531,208.7,0
Kalunguta,2026-05-25,1,1.0,0.0,0.0,0.0,0.0,0.0,217.2914531,208.7,0
Kalunguta,2026-05-26,2,1.0,0.0,0.0,0.0,2.0,0.0,217.2914531,208.7,0
Kalunguta,2026-05-27,3,2.0,0.0,0.0,0.0,13.0,0.0,217.2914531,208.7,0
Kalunguta,2026-05-28,4,1.0,1.0,0.0,0.0,13.0,0.0,217.2914531,208.7,0
Kalunguta,2026-05-29,5,1.0,1.0,0.0,0.0,13.0,0.0,217.2914531,208.7,0
Kalunguta,2026-05-30,6,1.0,1.0,0.0,0.0,13.0,0.0,217.2914531,208.7,0
Kalunguta,2026-06-01,8,1.0,1.0,0.0,0.0,0.0,0.0,217.2914531,208.7,0
Kalunguta,2026-06-02,9,1.0,1.0,0.0,0.0,0.0,0.0,217.2914531,208.7,0
Kalunguta,2026-06-03,10,1.0,1.0,0.0,0.0,0.0,0.0,217.2914531,208.7,0
Kalunguta,2026-06-04,11,1.0,1.0,0.0,0.0,0.0,0.0,217.2914531,208.7,0
Kalunguta,2026-06-05,12,1.0,1.0,0.0,0.0,0.0,0.0,217.2914531,208.7,0
Kalunguta,2026-06-06,13,1.0,1.0,0.0,0.0,0.0,0.0,217.2914531,208.7,0
Kalunguta,2026-06-07,14,1.0,1.0,0.0,0.0,0.0,0.0,217.2914531,208.7,0
Kalunguta,2026-06-08,15,1.0,1.0,0.0,0.0,0.0,0.0,217.2914531,208.7,1
Kalunguta,2026-06-09,16,1.0,1.0,0.0,0.0,0.0,0.0,217.2914531,208.7,1
Kalunguta,2026-06-10,17,1.0,1.0,0.0,0.0,0.0,0.0,217.2914531,208.7,1
Kalunguta,2026-06-11,18,1.0,1.0,0.0,0.0,0.0,0.0,217.2914531,208.7,1
Kalunguta,2026-06-13,20,1.0,1.0,0.0,0.0,0.0,0.0,217.2914531,208.7,1
Kalunguta,2026-06-14,21,1.0,1.0,0.0,0.0,0.0,0.0,217.2914531,208.7,1
Kalunguta,2026-06-15,22,1.0,1.0,0.0,0.0,0.0,0.0,217.2914531,208.7,1
Kalunguta,2026-06-16,23,2.0,0.0,0.0,0.0,0.0,0.0,217.2914531,208.7,0
Kalunguta,2026-06-17,24,2.0,1.0,0.0,0.0,0.0,0.0,217.2914531,208.7,0
Kalunguta,2026-06-18,25,2.0,1.0,0.0,0.0,0.0,0.0,217.2914531,208.7,0
Kalunguta,2026-06-19,26,2.0,1.0,0.0,0.0,0.0,0.0,217.2914531,208.7,0
Kalunguta,2026-06-20,27,2.0,1.0,0.0,0.0,0.0,0.0,217.2914531,208.7,0
Kalunguta,2026-06-21,28,2.0,1.0,0.0,0.0,0.0,0.0,217.2914531,208.7,0
Kalunguta,2026-06-22,29,2.0,1.0,0.0,0.0,0.0,0.0,217.2914531,208.7,0
Kalunguta,2026-06-23,30,2.0,1.0,0.0,0.0,0.0,0.0,217.2914531,208.7,0
Kalunguta,2026-06-24,31,2.0,1.0,0.0,0.0,0.0,0.0,217.2914531,208.7,0
Kalunguta,2026-06-25,32,2.0,1.0,0.0,0.0,0.0,0.0,217.2914531,208.7,0
Kalunguta,2026-06-29,36,2.0,1.0,0.0,0.0,0.0,0.0,217.2914531,208.7,0
Kalunguta,2026-06-30,37,2.0,1.0,0.0,0.0,0.0,0.0,217.2914531,208.7,0
Kalunguta,2026-07-01,38,2.0,1.0,0.0,0.0,0.0,0.0,217.2914531,208.7,0
Kalunguta,2026-07-02,39,2.0,1.0,0.0,0.0,0.0,0.0,217.2914531,208.7,0
Kalunguta,2026-07-03,40,2.0,1.0,0.0,0.0,0.0,0.0,217.2914531,208.7,0
Kalunguta,2026-07-04,41,2.0,1.0,0.0,0.0,0.0,0.0,217.2914531,208.7,0
Kalunguta,2026-07-05,42,2.0,1.0,0.0,0.0,0.0,0.0,217.2914531,208.7,0
Kalunguta,2026-07-06,43,2.0,1.0,0.0,0.0,0.0,0.0,217.2914531,208.7,0
Kalunguta,2026-07-07,44,2.0,1.0,0.0,0.0,0.0,0.0,217.2914531,208.7,0
Kalunguta,2026-07-08,45,2.0,1.0,0.0,0.0,0.0,0.0,217.2914531,208.7,0
Kalunguta,2026-07-09,46,2.0,1.0,0.0,0.0,0.0,0.0,217.2914531,208.7,0
Kalunguta,2026-07-10,47,2.0,1.0,0.0,0.0,0.0,0.0,217.2914531,208.7,0
Kambala,2026-06-10,0,1.0,1.0,0.0,0.0,0.0,0.0,113.6355897,187.7,0
Kambala,2026-06-11,1,1.0,1.0,0.0,0.0,0.0,0.0,113.6355897,187.7,0
Kambala,2026-06-13,3,1.0,1.0,0.0,0.0,0.0,0.0,113.6355897,187.7,0
Kambala,2026-06-14,4,1.0,1.0,0.0,0.0,0.0,0.0,113.6355897,187.7,0
Kambala,2026-06-15,5,1.0,1.0,0.0,0.0,0.0,0.0,113.6355897,187.7,0
Kambala,2026-06-16,6,1.0,0.0,0.0,0.0,0.0,0.0,113.6355897,187.7,0
Kambala,2026-06-17,7,1.0,1.0,0.0,0.0,0.0,0.0,113.6355897,187.7,0
Kambala,2026-06-18,8,1.0,1.0,0.0,0.0,0.0,0.0,113.6355897,187.7,0
Kambala,2026-06-19,9,1.0,1.0,0.0,0.0,0.0,0.0,113.6355897,187.7,0
Kambala,2026-06-20,10,1.0,1.0,0.0,0.0,0.0,0.0,113.6355897,187.7,1
Kambala,2026-06-21,11,1.0,1.0,0.0,0.0,0.0,0.0,113.6355897,187.7,1
Kambala,2026-06-22,12,1.0,1.0,0.0,0.0,0.0,0.0,113.6355897,187.7,1
Kambala,2026-06-23,13,1.0,1.0,0.0,0.0,0.0,0.0,113.6355897,187.7,1
Kambala,2026-06-24,14,1.0,1.0,0.0,0.0,0.0,0.0,113.6355897,187.7,1
Kambala,2026-06-25,15,1.0,1.0,0.0,0.0,0.0,0.0,113.6355897,187.7,1
Kambala,2026-06-29,19,1.0,1.0,0.0,0.0,0.0,0.0,113.6355897,187.7,1
Kambala,2026-06-30,20,2.0,2.0,0.0,0.0,0.0,0.0,113.6355897,187.7,0
Kambala,2026-07-01,21,2.0,2.0,0.0,0.0,0.0,0.0,113.6355897,187.7,0
Kambala,2026-07-02,22,2.0,2.0,0.0,0.0,0.0,0.0,113.6355897,187.7,0
Kambala,2026-07-03,23,2.0,2.0,0.0,0.0,0.0,0.0,113.6355897,187.7,0
Kambala,2026-07-04,24,2.0,2.0,0.0,0.0,0.0,0.0,113.6355897,187.7,0
Kambala,2026-07-05,25,2.0,2.0,0.0,0.0,0.0,0.0,113.6355897,187.7,0
Kambala,2026-07-06,26,2.0,2.0,0.0,0.0,0.0,0.0,113.6355897,187.7,0
Kambala,2026-07-07,27,2.0,2.0,0.0,0.0,0.0,0.0,113.6355897,187.7,0
Kambala,2026-07-08,28,2.0,2.0,0.0,0.0,0.0,0.0,113.6355897,187.7,0
Kambala,2026-07-09,29,2.0,2.0,0.0,0.0,0.0,0.0,113.6355897,187.7,0
Kambala,2026-07-10,30,2.0,2.0,0.0,0.0,0.0,0.0,113.6355897,187.7,0
Katwa,2026-05-18,0,1.0,0.0,0.0,0.0,1.0,0.0,7809.377799,242.1,0
Katwa,2026-05-19,1,1.0,0.0,0.0,0.0,1.0,0.0,7809.377799,242.1,0
Katwa,2026-05-20,2,1.0,0.0,0.0,0.0,13.0,0.0,7809.377799,242.1,0
Katwa,2026-05-21,3,1.0,0.0,0.0,0.0,13.0,0.0,7809.377799,242.1,0
Katwa,2026-05-22,4,0.0,0.0,0.0,0.0,13.0,0.0,7809.377799,242.1,0
Katwa,2026-05-23,5,4.0,0.0,0.0,0.0,13.0,0.0,7809.377799,242.1,1
Katwa,2026-05-24,6,4.0,0.0,0.0,99.0,0.0,0.0,7809.377799,242.1,1
Katwa,2026-05-25,7,4.0,0.0,0.0,99.0,13.0,0.0,7809.377799,242.1,1
Katwa,2026-05-27,9,4.0,0.0,0.0,111.0,0.0,0.0,7809.377799,242.1,1
Katwa,2026-05-28,10,4.0,3.0,0.0,111.0,0.0,0.0,7809.377799,242.1,1
Katwa,2026-05-29,11,4.0,3.0,0.0,221.0,0.0,0.0,7809.377799,242.1,1
Katwa,2026-05-30,12,4.0,3.0,0.0,221.0,0.0,0.0,7809.377799,242.1,1
Katwa,2026-06-01,14,7.0,5.0,0.0,0.0,0.0,0.0,7809.377799,242.1,1
Katwa,2026-06-02,15,7.0,5.0,0.0,0.0,0.0,0.0,7809.377799,242.1,1
Katwa,2026-06-03,16,7.0,5.0,0.0,0.0,0.0,0.0,7809.377799,242.1,1
Katwa,2026-06-04,17,11.0,7.0,0.0,0.0,0.0,0.0,7809.377799,242.1,1
Katwa,2026-06-05,18,11.0,7.0,0.0,0.0,0.0,0.0,7809.377799,242.1,1
Katwa,2026-06-06,19,11.0,8.0,0.0,0.0,0.0,0.0,7809.377799,242.1,1
Katwa,2026-06-07,20,11.0,8.0,0.0,0.0,0.0,0.0,7809.377799,242.1,1
Katwa,2026-06-08,21,12.0,8.0,0.0,0.0,0.0,0.0,7809.377799,242.1,1
Katwa,2026-06-09,22,12.0,8.0,0.0,0.0,0.0,0.0,7809.377799,242.1,1
Katwa,2026-06-10,23,18.0,10.0,0.0,0.0,0.0,0.0,7809.377799,242.1,1
Katwa,2026-06-11,24,16.0,9.0,0.0,0.0,0.0,0.0,7809.377799,242.1,1
Katwa,2026-06-13,26,21.0,12.0,0.0,0.0,0.0,0.0,7809.377799,242.1,1
Katwa,2026-06-14,27,25.0,16.0,0.0,0.0,0.0,0.0,7809.377799,242.1,1
Katwa,2026-06-15,28,25.0,16.0,0.0,0.0,0.0,0.0,7809.377799,242.1,1
Katwa,2026-06-16,29,23.0,0.0,0.0,0.0,0.0,0.0,7809.377799,242.1,1
Katwa,2026-06-17,30,24.0,16.0,0.0,0.0,0.0,0.0,7809.377799,242.1,1
Katwa,2026-06-18,31,24.0,16.0,0.0,0.0,0.0,0.0,7809.377799,242.1,1
Katwa,2026-06-19,32,26.0,16.0,0.0,0.0,0.0,0.0,7809.377799,242.1,1
Katwa,2026-06-20,33,28.0,17.0,0.0,0.0,0.0,0.0,7809.377799,242.1,1
Katwa,2026-06-21,34,31.0,19.0,0.0,0.0,0.0,0.0,7809.377799,242.1,1
Katwa,2026-06-22,35,32.0,19.0,0.0,0.0,0.0,0.0,7809.377799,242.1,1
Katwa,2026-06-23,36,32.0,19.0,0.0,0.0,0.0,0.0,7809.377799,242.1,1
Katwa,2026-06-24,37,33.0,20.0,0.0,0.0,0.0,0.0,7809.377799,242.1,1
Katwa,2026-06-25,38,35.0,22.0,0.0,0.0,0.0,0.0,7809.377799,242.1,1
Katwa,2026-06-29,42,45.0,27.0,0.0,0.0,0.0,0.0,7809.377799,242.1,1
Katwa,2026-06-30,43,47.0,33.0,0.0,0.0,0.0,0.0,7809.377799,242.1,1
Katwa,2026-07-01,44,49.0,33.0,0.0,0.0,0.0,0.0,7809.377799,242.1,1
Katwa,2026-07-02,45,51.0,35.0,0.0,0.0,0.0,0.0,7809.377799,242.1,1
Katwa,2026-07-03,46,51.0,37.0,0.0,0.0,0.0,0.0,7809.377799,242.1,1
Katwa,2026-07-04,47,52.0,38.0,0.0,0.0,0.0,0.0,7809.377799,242.1,1
Katwa,2026-07-05,48,52.0,38.0,0.0,0.0,0.0,0.0,7809.377799,242.1,1
Katwa,2026-07-06,49,56.0,41.0,0.0,0.0,0.0,0.0,7809.377799,242.1,1
Katwa,2026-07-07,50,61.0,41.0,0.0,0.0,0.0,0.0,7809.377799,242.1,1
Katwa,2026-07-08,51,61.0,41.0,0.0,0.0,0.0,0.0,7809.377799,242.1,1
Katwa,2026-07-09,52,66.0,45.0,0.0,0.0,0.0,0.0,7809.377799,242.1,1
Katwa,2026-07-10,53,67.0,45.0,0.0,0.0,0.0,0.0,7809.377799,242.1,1
Kilo,2026-05-21,0,1.0,0.0,0.0,0.0,1.0,0.0,107.5461996,74.0,1
Kilo,2026-05-22,1,1.0,0.0,0.0,176.0,6.0,2.0,107.5461996,74.0,1
Kilo,2026-05-23,2,1.0,0.0,8.0,0.0,6.0,2.0,107.5461996,74.0,1
Kilo,2026-05-24,3,1.0,0.0,0.0,0.0,8.0,2.0,107.5461996,74.0,1
Kilo,2026-05-25,4,1.0,0.0,0.0,0.0,18.0,0.0,107.5461996,74.0,1
Kilo,2026-05-26,5,1.0,0.0,0.0,0.0,18.0,0.0,107.5461996,74.0,1
Kilo,2026-05-27,6,1.0,0.0,0.0,41.0,8.0,2.0,107.5461996,74.0,1
Kilo,2026-05-28,7,2.0,0.0,0.0,41.0,8.0,2.0,107.5461996,74.0,1
Kilo,2026-05-29,8,2.0,0.0,0.0,41.0,8.0,2.0,107.5461996,74.0,1
Kilo,2026-05-30,9,2.0,0.0,0.0,41.0,8.0,2.0,107.5461996,74.0,1
Kilo,2026-06-01,11,2.0,0.0,0.0,0.0,0.0,0.0,107.5461996,74.0,1
Kilo,2026-06-02,12,2.0,0.0,0.0,0.0,0.0,0.0,107.5461996,74.0,1
Kilo,2026-06-03,13,2.0,0.0,0.0,0.0,0.0,0.0,107.5461996,74.0,1
Kilo,2026-06-04,14,3.0,1.0,0.0,0.0,0.0,0.0,107.5461996,74.0,1
Kilo,2026-06-05,15,4.0,1.0,0.0,0.0,0.0,0.0,107.5461996,74.0,0
Kilo,2026-06-06,16,4.0,1.0,0.0,0.0,0.0,0.0,107.5461996,74.0,0
Kilo,2026-06-07,17,4.0,1.0,0.0,0.0,0.0,0.0,107.5461996,74.0,0
Kilo,2026-06-08,18,4.0,1.0,0.0,0.0,0.0,0.0,107.5461996,74.0,0
Kilo,2026-06-09,19,4.0,1.0,0.0,0.0,0.0,0.0,107.5461996,74.0,1
Kilo,2026-06-10,20,4.0,1.0,0.0,0.0,0.0,0.0,107.5461996,74.0,1
Kilo,2026-06-11,21,4.0,1.0,0.0,0.0,0.0,0.0,107.5461996,74.0,1
Kilo,2026-06-13,23,4.0,1.0,0.0,0.0,0.0,0.0,107.5461996,74.0,1
Kilo,2026-06-14,24,4.0,1.0,0.0,0.0,0.0,0.0,107.5461996,74.0,1
Kilo,2026-06-15,25,4.0,1.0,0.0,0.0,0.0,0.0,107.5461996,74.0,1
Kilo,2026-06-16,26,4.0,0.0,0.0,0.0,0.0,0.0,107.5461996,74.0,1
Kilo,2026-06-17,27,7.0,1.0,0.0,0.0,0.0,0.0,107.5461996,74.0,1
Kilo,2026-06-18,28,7.0,1.0,0.0,0.0,0.0,0.0,107.5461996,74.0,1
Kilo,2026-06-19,29,7.0,1.0,0.0,0.0,0.0,0.0,107.5461996,74.0,1
Kilo,2026-06-20,30,7.0,1.0,0.0,0.0,0.0,0.0,107.5461996,74.0,1
Kilo,2026-06-21,31,7.0,1.0,0.0,0.0,0.0,0.0,107.5461996,74.0,1
Kilo,2026-06-22,32,7.0,1.0,0.0,0.0,0.0,0.0,107.5461996,74.0,1
Kilo,2026-06-23,33,7.0,1.0,0.0,0.0,0.0,0.0,107.5461996,74.0,1
Kilo,2026-06-24,34,9.0,1.0,0.0,0.0,0.0,0.0,107.5461996,74.0,0
Kilo,2026-06-25,35,9.0,1.0,0.0,0.0,0.0,0.0,107.5461996,74.0,0
Kilo,2026-06-29,39,9.0,1.0,0.0,0.0,0.0,0.0,107.5461996,74.0,0
Kilo,2026-06-30,40,9.0,1.0,0.0,0.0,0.0,0.0,107.5461996,74.0,0
Kilo,2026-07-01,41,9.0,1.0,0.0,0.0,0.0,0.0,107.5461996,74.0,0
Kilo,2026-07-02,42,9.0,1.0,0.0,0.0,0.0,0.0,107.5461996,74.0,0
Kilo,2026-07-03,43,9.0,1.0,0.0,0.0,0.0,0.0,107.5461996,74.0,0
Kilo,2026-07-04,44,9.0,1.0,0.0,0.0,0.0,0.0,107.5461996,74.0,0
Kilo,2026-07-05,45,9.0,1.0,0.0,0.0,0.0,0.0,107.5461996,74.0,0
Kilo,2026-07-06,46,9.0,1.0,0.0,0.0,0.0,0.0,107.5461996,74.0,0
Kilo,2026-07-07,47,9.0,1.0,0.0,0.0,0.0,0.0,107.5461996,74.0,0
Kilo,2026-07-08,48,9.0,1.0,0.0,0.0,0.0,0.0,107.5461996,74.0,0
Kilo,2026-07-09,49,9.0,1.0,0.0,0.0,0.0,0.0,107.5461996,74.0,0
Kilo,2026-07-10,50,9.0,1.0,0.0,0.0,0.0,0.0,107.5461996,74.0,0
Komanda,2026-05-28,0,1.0,1.0,0.0,0.0,0.0,0.0,69.50135954,129.1,0
Komanda,2026-05-29,1,1.0,0.0,0.0,0.0,0.0,0.0,69.50135954,129.1,0
Komanda,2026-05-30,2,1.0,0.0,0.0,0.0,0.0,0.0,69.50135954,129.1,0
Komanda,2026-06-01,4,1.0,0.0,0.0,0.0,0.0,0.0,69.50135954,129.1,0
Komanda,2026-06-02,5,1.0,0.0,0.0,0.0,0.0,0.0,69.50135954,129.1,0
Komanda,2026-06-03,6,1.0,0.0,0.0,0.0,0.0,0.0,69.50135954,129.1,0
Komanda,2026-06-04,7,3.0,0.0,0.0,0.0,0.0,0.0,69.50135954,129.1,0
Komanda,2026-06-05,8,3.0,0.0,0.0,0.0,0.0,0.0,69.50135954,129.1,1
Komanda,2026-06-06,9,3.0,0.0,0.0,0.0,0.0,0.0,69.50135954,129.1,1
Komanda,2026-06-07,10,3.0,0.0,0.0,0.0,0.0,0.0,69.50135954,129.1,1
Komanda,2026-06-08,11,3.0,0.0,0.0,0.0,0.0,0.0,69.50135954,129.1,1
Komanda,2026-06-09,12,3.0,0.0,0.0,0.0,0.0,0.0,69.50135954,129.1,1
Komanda,2026-06-10,13,3.0,0.0,0.0,0.0,0.0,0.0,69.50135954,129.1,1
Komanda,2026-06-11,14,3.0,0.0,0.0,0.0,0.0,0.0,69.50135954,129.1,1
Komanda,2026-06-13,16,6.0,0.0,0.0,0.0,0.0,0.0,69.50135954,129.1,1
Komanda,2026-06-14,17,6.0,0.0,0.0,0.0,0.0,0.0,69.50135954,129.1,1
Komanda,2026-06-15,18,7.0,1.0,0.0,0.0,0.0,0.0,69.50135954,129.1,1
Komanda,2026-06-16,19,7.0,0.0,0.0,0.0,0.0,0.0,69.50135954,129.1,1
Komanda,2026-06-17,20,10.0,3.0,0.0,0.0,0.0,0.0,69.50135954,129.1,1
Komanda,2026-06-18,21,10.0,3.0,0.0,0.0,0.0,0.0,69.50135954,129.1,1
Komanda,2026-06-19,22,10.0,3.0,0.0,0.0,0.0,0.0,69.50135954,129.1,1
Komanda,2026-06-20,23,10.0,3.0,0.0,0.0,0.0,0.0,69.50135954,129.1,1
Komanda,2026-06-21,24,10.0,3.0,0.0,0.0,0.0,0.0,69.50135954,129.1,1
Komanda,2026-06-22,25,10.0,3.0,0.0,0.0,0.0,0.0,69.50135954,129.1,1
Komanda,2026-06-23,26,13.0,3.0,0.0,0.0,0.0,0.0,69.50135954,129.1,1
Komanda,2026-06-24,27,13.0,3.0,0.0,0.0,0.0,0.0,69.50135954,129.1,1
Komanda,2026-06-25,28,13.0,3.0,0.0,0.0,0.0,0.0,69.50135954,129.1,1
Komanda,2026-06-29,32,16.0,5.0,0.0,0.0,0.0,0.0,69.50135954,129.1,1
Komanda,2026-06-30,33,18.0,5.0,0.0,0.0,0.0,0.0,69.50135954,129.1,1
Komanda,2026-07-01,34,19.0,5.0,0.0,0.0,0.0,0.0,69.50135954,129.1,1
Komanda,2026-07-02,35,19.0,5.0,0.0,0.0,0.0,0.0,69.50135954,129.1,1
Komanda,2026-07-03,36,19.0,5.0,0.0,0.0,0.0,0.0,69.50135954,129.1,1
Komanda,2026-07-04,37,22.0,8.0,0.0,0.0,0.0,0.0,69.50135954,129.1,1
Komanda,2026-07-05,38,22.0,8.0,0.0,0.0,0.0,0.0,69.50135954,129.1,1
Komanda,2026-07-06,39,23.0,8.0,0.0,0.0,0.0,0.0,69.50135954,129.1,1
Komanda,2026-07-07,40,23.0,8.0,0.0,0.0,0.0,0.0,69.50135954,129.1,1
Komanda,2026-07-08,41,23.0,8.0,0.0,0.0,0.0,0.0,69.50135954,129.1,1
Komanda,2026-07-09,42,25.0,8.0,0.0,0.0,0.0,0.0,69.50135954,129.1,1
Komanda,2026-07-10,43,25.0,8.0,0.0,0.0,0.0,0.0,69.50135954,129.1,1
Kyondo,2026-05-25,0,1.0,0.0,0.0,16.0,0.0,0.0,287.2096961,291.9,0
Kyondo,2026-05-26,1,1.0,0.0,0.0,16.0,3.0,0.0,287.2096961,291.9,0
Kyondo,2026-05-27,2,0.0,0.0,0.0,16.0,0.0,0.0,287.2096961,291.9,0
Kyondo,2026-05-28,3,1.0,0.0,0.0,16.0,0.0,0.0,287.2096961,291.9,0
Kyondo,2026-05-29,4,1.0,0.0,0.0,16.0,0.0,0.0,287.2096961,291.9,0
Kyondo,2026-05-30,5,1.0,0.0,0.0,16.0,0.0,0.0,287.2096961,291.9,0
Kyondo,2026-06-01,7,1.0,0.0,0.0,0.0,0.0,0.0,287.2096961,291.9,0
Kyondo,2026-06-02,8,1.0,0.0,0.0,0.0,0.0,0.0,287.2096961,291.9,0
Kyondo,2026-06-03,9,1.0,0.0,0.0,0.0,0.0,0.0,287.2096961,291.9,1
Kyondo,2026-06-04,10,1.0,0.0,0.0,0.0,0.0,0.0,287.2096961,291.9,1
Kyondo,2026-06-05,11,1.0,0.0,0.0,0.0,0.0,0.0,287.2096961,291.9,1
Kyondo,2026-06-06,12,1.0,0.0,0.0,0.0,0.0,0.0,287.2096961,291.9,1
Kyondo,2026-06-07,13,1.0,0.0,0.0,0.0,0.0,0.0,287.2096961,291.9,1
Kyondo,2026-06-08,14,1.0,0.0,0.0,0.0,0.0,0.0,287.2096961,291.9,1
Kyondo,2026-06-09,15,1.0,0.0,0.0,0.0,0.0,0.0,287.2096961,291.9,1
Kyondo,2026-06-10,16,2.0,0.0,0.0,0.0,0.0,0.0,287.2096961,291.9,0
Kyondo,2026-06-11,17,2.0,2.0,0.0,0.0,0.0,0.0,287.2096961,291.9,0
Kyondo,2026-06-13,19,2.0,1.0,0.0,0.0,0.0,0.0,287.2096961,291.9,0
Kyondo,2026-06-14,20,2.0,1.0,0.0,0.0,0.0,0.0,287.2096961,291.9,1
Kyondo,2026-06-15,21,2.0,1.0,0.0,0.0,0.0,0.0,287.2096961,291.9,1
Kyondo,2026-06-16,22,2.0,0.0,0.0,0.0,0.0,0.0,287.2096961,291.9,1
Kyondo,2026-06-17,23,2.0,1.0,0.0,0.0,0.0,0.0,287.2096961,291.9,1
Kyondo,2026-06-18,24,2.0,1.0,0.0,0.0,0.0,0.0,287.2096961,291.9,1
Kyondo,2026-06-19,25,2.0,1.0,0.0,0.0,0.0,0.0,287.2096961,291.9,1
Kyondo,2026-06-20,26,2.0,1.0,0.0,0.0,0.0,0.0,287.2096961,291.9,1
Kyondo,2026-06-21,27,3.0,1.0,0.0,0.0,0.0,0.0,287.2096961,291.9,0
Kyondo,2026-06-22,28,3.0,1.0,0.0,0.0,0.0,0.0,287.2096961,291.9,0
Kyondo,2026-06-23,29,3.0,2.0,0.0,0.0,0.0,0.0,287.2096961,291.9,1
Kyondo,2026-06-24,30,3.0,2.0,0.0,0.0,0.0,0.0,287.2096961,291.9,1
Kyondo,2026-06-25,31,3.0,2.0,0.0,0.0,0.0,0.0,287.2096961,291.9,1
Kyondo,2026-06-29,35,3.0,2.0,0.0,0.0,0.0,0.0,287.2096961,291.9,1
Kyondo,2026-06-30,36,3.0,2.0,0.0,0.0,0.0,0.0,287.2096961,291.9,1
Kyondo,2026-07-01,37,3.0,2.0,0.0,0.0,0.0,0.0,287.2096961,291.9,1
Kyondo,2026-07-02,38,3.0,2.0,0.0,0.0,0.0,0.0,287.2096961,291.9,1
Kyondo,2026-07-03,39,4.0,2.0,0.0,0.0,0.0,0.0,287.2096961,291.9,1
Kyondo,2026-07-04,40,4.0,2.0,0.0,0.0,0.0,0.0,287.2096961,291.9,1
Kyondo,2026-07-05,41,4.0,2.0,0.0,0.0,0.0,0.0,287.2096961,291.9,1
Kyondo,2026-07-06,42,4.0,2.0,0.0,0.0,0.0,0.0,287.2096961,291.9,1
Kyondo,2026-07-07,43,4.0,2.0,0.0,0.0,0.0,0.0,287.2096961,291.9,1
Kyondo,2026-07-08,44,4.0,2.0,0.0,0.0,0.0,0.0,287.2096961,291.9,1
Kyondo,2026-07-09,45,5.0,3.0,0.0,0.0,0.0,0.0,287.2096961,291.9,1
Kyondo,2026-07-10,46,5.0,3.0,0.0,0.0,0.0,0.0,287.2096961,291.9,1
Lita,2026-05-28,0,1.0,0.0,0.0,0.0,0.0,0.0,228.6282537,48.1,1
Lita,2026-05-29,1,1.0,0.0,0.0,0.0,0.0,0.0,228.6282537,48.1,1
Lita,2026-05-30,2,1.0,0.0,0.0,0.0,0.0,0.0,228.6282537,48.1,1
Lita,2026-06-01,4,1.0,0.0,0.0,0.0,0.0,0.0,228.6282537,48.1,1
Lita,2026-06-02,5,1.0,0.0,0.0,0.0,0.0,0.0,228.6282537,48.1,1
Lita,2026-06-03,6,2.0,0.0,0.0,0.0,0.0,0.0,228.6282537,48.1,1
Lita,2026-06-04,7,3.0,0.0,0.0,0.0,0.0,0.0,228.6282537,48.1,1
Lita,2026-06-05,8,4.0,0.0,0.0,0.0,0.0,0.0,228.6282537,48.1,1
Lita,2026-06-06,9,4.0,0.0,0.0,0.0,0.0,0.0,228.6282537,48.1,1
Lita,2026-06-07,10,4.0,0.0,0.0,0.0,0.0,0.0,228.6282537,48.1,1
Lita,2026-06-08,11,4.0,0.0,0.0,0.0,0.0,0.0,228.6282537,48.1,1
Lita,2026-06-09,12,5.0,0.0,0.0,0.0,0.0,0.0,228.6282537,48.1,1
Lita,2026-06-10,13,6.0,0.0,0.0,0.0,0.0,0.0,228.6282537,48.1,1
Lita,2026-06-11,14,6.0,0.0,0.0,0.0,0.0,0.0,228.6282537,48.1,1
Lita,2026-06-13,16,6.0,0.0,0.0,0.0,0.0,0.0,228.6282537,48.1,1
Lita,2026-06-14,17,6.0,0.0,0.0,0.0,0.0,0.0,228.6282537,48.1,1
Lita,2026-06-15,18,9.0,0.0,0.0,0.0,0.0,0.0,228.6282537,48.1,1
Lita,2026-06-16,19,9.0,0.0,0.0,0.0,0.0,0.0,228.6282537,48.1,1
Lita,2026-06-17,20,18.0,4.0,0.0,0.0,0.0,0.0,228.6282537,48.1,1
Lita,2026-06-18,21,20.0,6.0,0.0,0.0,0.0,0.0,228.6282537,48.1,1
Lita,2026-06-19,22,20.0,6.0,0.0,0.0,0.0,0.0,228.6282537,48.1,1
Lita,2026-06-20,23,20.0,6.0,0.0,0.0,0.0,0.0,228.6282537,48.1,1
Lita,2026-06-21,24,21.0,6.0,0.0,0.0,0.0,0.0,228.6282537,48.1,1
Lita,2026-06-22,25,24.0,6.0,0.0,0.0,0.0,0.0,228.6282537,48.1,1
Lita,2026-06-23,26,26.0,6.0,0.0,0.0,0.0,0.0,228.6282537,48.1,1
Lita,2026-06-24,27,26.0,6.0,0.0,0.0,0.0,0.0,228.6282537,48.1,1
Lita,2026-06-25,28,26.0,6.0,0.0,0.0,0.0,0.0,228.6282537,48.1,1
Lita,2026-06-29,32,29.0,9.0,0.0,0.0,0.0,0.0,228.6282537,48.1,1
Lita,2026-06-30,33,29.0,9.0,0.0,0.0,0.0,0.0,228.6282537,48.1,1
Lita,2026-07-01,34,32.0,11.0,0.0,0.0,0.0,0.0,228.6282537,48.1,1
Lita,2026-07-02,35,33.0,12.0,0.0,0.0,0.0,0.0,228.6282537,48.1,1
Lita,2026-07-03,36,33.0,12.0,0.0,0.0,0.0,0.0,228.6282537,48.1,1
Lita,2026-07-04,37,33.0,12.0,0.0,0.0,0.0,0.0,228.6282537,48.1,1
Lita,2026-07-05,38,33.0,12.0,0.0,0.0,0.0,0.0,228.6282537,48.1,1
Lita,2026-07-06,39,40.0,16.0,0.0,0.0,0.0,0.0,228.6282537,48.1,1
Lita,2026-07-07,40,40.0,16.0,0.0,0.0,0.0,0.0,228.6282537,48.1,1
Lita,2026-07-08,41,41.0,16.0,0.0,0.0,0.0,0.0,228.6282537,48.1,1
Lita,2026-07-09,42,42.0,17.0,0.0,0.0,0.0,0.0,228.6282537,48.1,1
Lita,2026-07-10,43,45.0,19.0,0.0,0.0,0.0,0.0,228.6282537,48.1,1
Logo,2026-06-01,0,1.0,0.0,0.0,0.0,0.0,0.0,557.0637992,198.6,0
Logo,2026-06-02,1,1.0,0.0,0.0,0.0,0.0,0.0,557.0637992,198.6,0
Logo,2026-06-04,3,2.0,0.0,0.0,0.0,0.0,0.0,557.0637992,198.6,0
Logo,2026-06-05,4,2.0,0.0,0.0,0.0,0.0,0.0,557.0637992,198.6,0
Logo,2026-06-06,5,2.0,0.0,0.0,0.0,0.0,0.0,557.0637992,198.6,0
Logo,2026-06-07,6,2.0,0.0,0.0,0.0,0.0,0.0,557.0637992,198.6,0
Logo,2026-06-08,7,2.0,0.0,0.0,0.0,0.0,0.0,557.0637992,198.6,0
Logo,2026-06-09,8,2.0,0.0,0.0,0.0,0.0,0.0,557.0637992,198.6,0
Logo,2026-06-10,9,2.0,0.0,0.0,0.0,0.0,0.0,557.0637992,198.6,0
Logo,2026-06-11,10,2.0,0.0,0.0,0.0,0.0,0.0,557.0637992,198.6,0
Logo,2026-06-13,12,2.0,0.0,0.0,0.0,0.0,0.0,557.0637992,198.6,0
Logo,2026-06-14,13,2.0,0.0,0.0,0.0,0.0,0.0,557.0637992,198.6,0
Logo,2026-06-15,14,2.0,0.0,0.0,0.0,0.0,0.0,557.0637992,198.6,1
Logo,2026-06-16,15,2.0,0.0,0.0,0.0,0.0,0.0,557.0637992,198.6,1
Logo,2026-06-17,16,2.0,0.0,0.0,0.0,0.0,0.0,557.0637992,198.6,1
Logo,2026-06-18,17,2.0,0.0,0.0,0.0,0.0,0.0,557.0637992,198.6,1
Logo,2026-06-19,18,2.0,0.0,0.0,0.0,0.0,0.0,557.0637992,198.6,1
Logo,2026-06-20,19,2.0,0.0,0.0,0.0,0.0,0.0,557.0637992,198.6,1
Logo,2026-06-21,20,2.0,0.0,0.0,0.0,0.0,0.0,557.0637992,198.6,1
Logo,2026-06-22,21,5.0,0.0,0.0,0.0,0.0,0.0,557.0637992,198.6,1
Logo,2026-06-23,22,5.0,0.0,0.0,0.0,0.0,0.0,557.0637992,198.6,1
Logo,2026-06-24,23,5.0,0.0,0.0,0.0,0.0,0.0,557.0637992,198.6,1
Logo,2026-06-25,24,7.0,0.0,0.0,0.0,0.0,0.0,557.0637992,198.6,0
Logo,2026-06-29,28,7.0,0.0,0.0,0.0,0.0,0.0,557.0637992,198.6,0
Logo,2026-06-30,29,7.0,0.0,0.0,0.0,0.0,0.0,557.0637992,198.6,0
Logo,2026-07-01,30,7.0,0.0,0.0,0.0,0.0,0.0,557.0637992,198.6,0
Logo,2026-07-02,31,7.0,0.0,0.0,0.0,0.0,0.0,557.0637992,198.6,0
Logo,2026-07-03,32,7.0,0.0,0.0,0.0,0.0,0.0,557.0637992,198.6,0
Logo,2026-07-04,33,7.0,0.0,0.0,0.0,0.0,0.0,557.0637992,198.6,0
Logo,2026-07-05,34,7.0,0.0,0.0,0.0,0.0,0.0,557.0637992,198.6,0
Logo,2026-07-06,35,7.0,0.0,0.0,0.0,0.0,0.0,557.0637992,198.6,0
Logo,2026-07-07,36,7.0,0.0,0.0,0.0,0.0,0.0,557.0637992,198.6,0
Logo,2026-07-08,37,7.0,0.0,0.0,0.0,0.0,0.0,557.0637992,198.6,0
Logo,2026-07-09,38,7.0,0.0,0.0,0.0,0.0,0.0,557.0637992,198.6,0
Logo,2026-07-10,39,7.0,0.0,0.0,0.0,0.0,0.0,557.0637992,198.6,0
Lolwa,2026-06-30,0,1.0,1.0,0.0,0.0,0.0,0.0,8.680921156,192.9,0
Lolwa,2026-07-01,1,1.0,1.0,0.0,0.0,0.0,0.0,8.680921156,192.9,0
Lolwa,2026-07-02,2,1.0,1.0,0.0,0.0,0.0,0.0,8.680921156,192.9,0
Lolwa,2026-07-03,3,1.0,1.0,0.0,0.0,0.0,0.0,8.680921156,192.9,0
Lolwa,2026-07-04,4,1.0,1.0,0.0,0.0,0.0,0.0,8.680921156,192.9,0
Lolwa,2026-07-05,5,1.0,1.0,0.0,0.0,0.0,0.0,8.680921156,192.9,0
Lolwa,2026-07-06,6,1.0,1.0,0.0,0.0,0.0,0.0,8.680921156,192.9,0
Lolwa,2026-07-07,7,1.0,1.0,0.0,0.0,0.0,0.0,8.680921156,192.9,0
Lolwa,2026-07-08,8,1.0,1.0,0.0,0.0,0.0,0.0,8.680921156,192.9,0
Lolwa,2026-07-09,9,1.0,1.0,0.0,0.0,0.0,0.0,8.680921156,192.9,0
Lolwa,2026-07-10,10,1.0,1.0,0.0,0.0,0.0,0.0,8.680921156,192.9,0
Mabalako,2026-06-13,0,1.0,0.0,0.0,0.0,0.0,0.0,224.4277532,227.7,0
Mabalako,2026-06-14,1,1.0,0.0,0.0,0.0,0.0,0.0,224.4277532,227.7,0
Mabalako,2026-06-15,2,1.0,0.0,0.0,0.0,0.0,0.0,224.4277532,227.7,0
Mabalako,2026-06-16,3,1.0,0.0,0.0,0.0,0.0,0.0,224.4277532,227.7,0
Mabalako,2026-06-17,4,1.0,0.0,0.0,0.0,0.0,0.0,224.4277532,227.7,0
Mabalako,2026-06-18,5,1.0,0.0,0.0,0.0,0.0,0.0,224.4277532,227.7,0
Mabalako,2026-06-19,6,1.0,0.0,0.0,0.0,0.0,0.0,224.4277532,227.7,0
Mabalako,2026-06-20,7,1.0,0.0,0.0,0.0,0.0,0.0,224.4277532,227.7,0
Mabalako,2026-06-21,8,1.0,0.0,0.0,0.0,0.0,0.0,224.4277532,227.7,0
Mabalako,2026-06-22,9,1.0,0.0,0.0,0.0,0.0,0.0,224.4277532,227.7,0
Mabalako,2026-06-23,10,1.0,0.0,0.0,0.0,0.0,0.0,224.4277532,227.7,0
Mabalako,2026-06-24,11,1.0,0.0,0.0,0.0,0.0,0.0,224.4277532,227.7,0
Mabalako,2026-06-25,12,1.0,0.0,0.0,0.0,0.0,0.0,224.4277532,227.7,0
Mabalako,2026-06-29,16,1.0,0.0,0.0,0.0,0.0,0.0,224.4277532,227.7,0
Mabalako,2026-06-30,17,1.0,0.0,0.0,0.0,0.0,0.0,224.4277532,227.7,0
Mabalako,2026-07-01,18,1.0,0.0,0.0,0.0,0.0,0.0,224.4277532,227.7,0
Mabalako,2026-07-02,19,1.0,0.0,0.0,0.0,0.0,0.0,224.4277532,227.7,0
Mabalako,2026-07-03,20,1.0,0.0,0.0,0.0,0.0,0.0,224.4277532,227.7,0
Mabalako,2026-07-04,21,1.0,0.0,0.0,0.0,0.0,0.0,224.4277532,227.7,0
Mabalako,2026-07-05,22,1.0,0.0,0.0,0.0,0.0,0.0,224.4277532,227.7,0
Mabalako,2026-07-06,23,1.0,0.0,0.0,0.0,0.0,0.0,224.4277532,227.7,0
Mabalako,2026-07-07,24,1.0,0.0,0.0,0.0,0.0,0.0,224.4277532,227.7,0
Mabalako,2026-07-08,25,1.0,0.0,0.0,0.0,0.0,0.0,224.4277532,227.7,0
Mabalako,2026-07-09,26,1.0,0.0,0.0,0.0,0.0,0.0,224.4277532,227.7,0
Mabalako,2026-07-10,27,1.0,0.0,0.0,0.0,0.0,0.0,224.4277532,227.7,0
Mambasa,2026-05-26,0,0.0,0.0,0.0,0.0,5.0,1.0,9.383051198,309.1,0
Mambasa,2026-05-27,0,0.0,0.0,0.0,0.0,0.0,0.0,9.383051198,309.1,0
Mambasa,2026-06-01,0,2.0,1.0,0.0,0.0,0.0,0.0,9.383051198,309.1,0
Mambasa,2026-06-02,1,2.0,1.0,0.0,0.0,0.0,0.0,9.383051198,309.1,0
Mambasa,2026-06-04,3,2.0,1.0,0.0,0.0,0.0,0.0,9.383051198,309.1,0
Mambasa,2026-06-05,4,2.0,1.0,0.0,0.0,0.0,0.0,9.383051198,309.1,0
Mambasa,2026-06-06,5,2.0,1.0,0.0,0.0,0.0,0.0,9.383051198,309.1,0
Mambasa,2026-06-07,6,2.0,1.0,0.0,0.0,0.0,0.0,9.383051198,309.1,0
Mambasa,2026-06-08,7,2.0,1.0,0.0,0.0,0.0,0.0,9.383051198,309.1,0
Mambasa,2026-06-09,8,2.0,1.0,0.0,0.0,0.0,0.0,9.383051198,309.1,0
Mambasa,2026-06-10,9,2.0,1.0,0.0,0.0,0.0,0.0,9.383051198,309.1,0
Mambasa,2026-06-11,10,2.0,1.0,0.0,0.0,0.0,0.0,9.383051198,309.1,0
Mambasa,2026-06-13,12,2.0,1.0,0.0,0.0,0.0,0.0,9.383051198,309.1,0
Mambasa,2026-06-14,13,2.0,1.0,0.0,0.0,0.0,0.0,9.383051198,309.1,0
Mambasa,2026-06-15,14,2.0,1.0,0.0,0.0,0.0,0.0,9.383051198,309.1,0
Mambasa,2026-06-16,15,2.0,0.0,0.0,0.0,0.0,0.0,9.383051198,309.1,0
Mambasa,2026-06-17,16,2.0,1.0,0.0,0.0,0.0,0.0,9.383051198,309.1,0
Mambasa,2026-06-18,17,2.0,1.0,0.0,0.0,0.0,0.0,9.383051198,309.1,0
Mambasa,2026-06-19,18,2.0,1.0,0.0,0.0,0.0,0.0,9.383051198,309.1,0
Mambasa,2026-06-20,19,2.0,1.0,0.0,0.0,0.0,0.0,9.383051198,309.1,0
Mambasa,2026-06-21,20,2.0,1.0,0.0,0.0,0.0,0.0,9.383051198,309.1,0
Mambasa,2026-06-22,21,2.0,1.0,0.0,0.0,0.0,0.0,9.383051198,309.1,0
Mambasa,2026-06-23,22,2.0,1.0,0.0,0.0,0.0,0.0,9.383051198,309.1,0
Mambasa,2026-06-24,23,2.0,1.0,0.0,0.0,0.0,0.0,9.383051198,309.1,0
Mambasa,2026-06-25,24,2.0,1.0,0.0,0.0,0.0,0.0,9.383051198,309.1,0
Mambasa,2026-06-29,28,2.0,1.0,0.0,0.0,0.0,0.0,9.383051198,309.1,1
Mambasa,2026-06-30,29,2.0,1.0,0.0,0.0,0.0,0.0,9.383051198,309.1,1
Mambasa,2026-07-01,30,2.0,1.0,0.0,0.0,0.0,0.0,9.383051198,309.1,1
Mambasa,2026-07-02,31,2.0,1.0,0.0,0.0,0.0,0.0,9.383051198,309.1,1
Mambasa,2026-07-03,32,2.0,1.0,0.0,0.0,0.0,0.0,9.383051198,309.1,1
Mambasa,2026-07-04,33,2.0,1.0,0.0,0.0,0.0,0.0,9.383051198,309.1,1
Mambasa,2026-07-05,34,2.0,1.0,0.0,0.0,0.0,0.0,9.383051198,309.1,1
Mambasa,2026-07-06,35,4.0,3.0,0.0,0.0,0.0,0.0,9.383051198,309.1,1
Mambasa,2026-07-07,36,4.0,3.0,0.0,0.0,0.0,0.0,9.383051198,309.1,1
Mambasa,2026-07-08,37,4.0,3.0,0.0,0.0,0.0,0.0,9.383051198,309.1,1
Mambasa,2026-07-09,38,5.0,4.0,0.0,0.0,0.0,0.0,9.383051198,309.1,0
Mambasa,2026-07-10,39,5.0,4.0,0.0,0.0,0.0,0.0,9.383051198,309.1,0
Mandima,2026-06-29,0,1.0,0.0,0.0,0.0,0.0,0.0,45.9588925,516.6,1
Mandima,2026-06-30,1,2.0,1.0,0.0,0.0,0.0,0.0,45.9588925,516.6,1
Mandima,2026-07-01,2,2.0,1.0,0.0,0.0,0.0,0.0,45.9588925,516.6,1
Mandima,2026-07-02,3,4.0,1.0,0.0,0.0,0.0,0.0,45.9588925,516.6,1
Mandima,2026-07-03,4,4.0,1.0,0.0,0.0,0.0,0.0,45.9588925,516.6,1
Mandima,2026-07-04,5,4.0,1.0,0.0,0.0,0.0,0.0,45.9588925,516.6,1
Mandima,2026-07-05,6,4.0,1.0,0.0,0.0,0.0,0.0,45.9588925,516.6,1
Mandima,2026-07-06,7,5.0,2.0,0.0,0.0,0.0,0.0,45.9588925,516.6,1
Mandima,2026-07-07,8,5.0,2.0,0.0,0.0,0.0,0.0,45.9588925,516.6,1
Mandima,2026-07-08,9,5.0,2.0,0.0,0.0,0.0,0.0,45.9588925,516.6,1
Mandima,2026-07-09,10,5.0,2.0,0.0,0.0,0.0,0.0,45.9588925,516.6,1
Mandima,2026-07-10,11,8.0,3.0,0.0,0.0,0.0,0.0,45.9588925,516.6,0
Mangala,2026-05-28,0,1.0,0.0,0.0,0.0,0.0,0.0,162.2684405,102.1,0
Mangala,2026-05-29,1,1.0,0.0,0.0,0.0,0.0,0.0,162.2684405,102.1,0
Mangala,2026-05-30,2,1.0,0.0,0.0,0.0,0.0,0.0,162.2684405,102.1,0
Mangala,2026-06-01,4,1.0,0.0,0.0,0.0,0.0,0.0,162.2684405,102.1,0
Mangala,2026-06-02,5,1.0,0.0,0.0,0.0,0.0,0.0,162.2684405,102.1,0
Mangala,2026-06-03,6,1.0,0.0,0.0,0.0,0.0,0.0,162.2684405,102.1,1
Mangala,2026-06-04,7,1.0,0.0,0.0,0.0,0.0,0.0,162.2684405,102.1,1
Mangala,2026-06-05,8,1.0,0.0,0.0,0.0,0.0,0.0,162.2684405,102.1,1
Mangala,2026-06-06,9,1.0,0.0,0.0,0.0,0.0,0.0,162.2684405,102.1,1
Mangala,2026-06-07,10,1.0,0.0,0.0,0.0,0.0,0.0,162.2684405,102.1,1
Mangala,2026-06-08,11,1.0,0.0,0.0,0.0,0.0,0.0,162.2684405,102.1,1
Mangala,2026-06-09,12,1.0,0.0,0.0,0.0,0.0,0.0,162.2684405,102.1,1
Mangala,2026-06-10,13,2.0,0.0,0.0,0.0,0.0,0.0,162.2684405,102.1,1
Mangala,2026-06-11,14,2.0,0.0,0.0,0.0,0.0,0.0,162.2684405,102.1,1
Mangala,2026-06-13,16,5.0,3.0,0.0,0.0,0.0,0.0,162.2684405,102.1,1
Mangala,2026-06-14,17,5.0,3.0,0.0,0.0,0.0,0.0,162.2684405,102.1,1
Mangala,2026-06-15,18,5.0,3.0,0.0,0.0,0.0,0.0,162.2684405,102.1,1
Mangala,2026-06-16,19,5.0,0.0,0.0,0.0,0.0,0.0,162.2684405,102.1,1
Mangala,2026-06-17,20,5.0,3.0,0.0,0.0,0.0,0.0,162.2684405,102.1,1
Mangala,2026-06-18,21,7.0,4.0,0.0,0.0,0.0,0.0,162.2684405,102.1,1
Mangala,2026-06-19,22,7.0,4.0,0.0,0.0,0.0,0.0,162.2684405,102.1,1
Mangala,2026-06-20,23,7.0,4.0,0.0,0.0,0.0,0.0,162.2684405,102.1,1
Mangala,2026-06-21,24,11.0,5.0,0.0,0.0,0.0,0.0,162.2684405,102.1,1
Mangala,2026-06-22,25,14.0,6.0,0.0,0.0,0.0,0.0,162.2684405,102.1,1
Mangala,2026-06-23,26,17.0,8.0,0.0,0.0,0.0,0.0,162.2684405,102.1,1
Mangala,2026-06-24,27,17.0,8.0,0.0,0.0,0.0,0.0,162.2684405,102.1,1
Mangala,2026-06-25,28,17.0,8.0,0.0,0.0,0.0,0.0,162.2684405,102.1,1
Mangala,2026-06-29,32,24.0,12.0,0.0,0.0,0.0,0.0,162.2684405,102.1,1
Mangala,2026-06-30,33,24.0,12.0,0.0,0.0,0.0,0.0,162.2684405,102.1,1
Mangala,2026-07-01,34,24.0,12.0,0.0,0.0,0.0,0.0,162.2684405,102.1,1
Mangala,2026-07-02,35,24.0,12.0,0.0,0.0,0.0,0.0,162.2684405,102.1,1
Mangala,2026-07-03,36,26.0,14.0,0.0,0.0,0.0,0.0,162.2684405,102.1,1
Mangala,2026-07-04,37,26.0,14.0,0.0,0.0,0.0,0.0,162.2684405,102.1,1
Mangala,2026-07-05,38,33.0,14.0,0.0,0.0,0.0,0.0,162.2684405,102.1,1
Mangala,2026-07-06,39,39.0,20.0,0.0,0.0,0.0,0.0,162.2684405,102.1,1
Mangala,2026-07-07,40,40.0,20.0,0.0,0.0,0.0,0.0,162.2684405,102.1,1
Mangala,2026-07-08,41,43.0,23.0,0.0,0.0,0.0,0.0,162.2684405,102.1,1
Mangala,2026-07-09,42,43.0,23.0,0.0,0.0,0.0,0.0,162.2684405,102.1,1
Mangala,2026-07-10,43,50.0,29.0,0.0,0.0,0.0,0.0,162.2684405,102.1,0
Masereka,2026-06-10,0,1.0,0.0,0.0,0.0,0.0,0.0,859.910963,286.4,0
Masereka,2026-06-11,1,1.0,1.0,0.0,0.0,0.0,0.0,859.910963,286.4,0
Masereka,2026-06-13,3,1.0,0.0,0.0,0.0,0.0,0.0,859.910963,286.4,0
Masereka,2026-06-14,4,1.0,0.0,0.0,0.0,0.0,0.0,859.910963,286.4,0
Masereka,2026-06-15,5,1.0,0.0,0.0,0.0,0.0,0.0,859.910963,286.4,0
Masereka,2026-06-16,6,1.0,0.0,0.0,0.0,0.0,0.0,859.910963,286.4,0
Masereka,2026-06-17,7,1.0,0.0,0.0,0.0,0.0,0.0,859.910963,286.4,0
Masereka,2026-06-18,8,1.0,0.0,0.0,0.0,0.0,0.0,859.910963,286.4,0
Masereka,2026-06-19,9,1.0,0.0,0.0,0.0,0.0,0.0,859.910963,286.4,0
Masereka,2026-06-20,10,1.0,0.0,0.0,0.0,0.0,0.0,859.910963,286.4,0
Masereka,2026-06-21,11,1.0,0.0,0.0,0.0,0.0,0.0,859.910963,286.4,0
Masereka,2026-06-22,12,1.0,0.0,0.0,0.0,0.0,0.0,859.910963,286.4,0
Masereka,2026-06-23,13,1.0,0.0,0.0,0.0,0.0,0.0,859.910963,286.4,1
Masereka,2026-06-24,14,1.0,0.0,0.0,0.0,0.0,0.0,859.910963,286.4,1
Masereka,2026-06-25,15,1.0,0.0,0.0,0.0,0.0,0.0,859.910963,286.4,1
Masereka,2026-06-29,19,1.0,0.0,0.0,0.0,0.0,0.0,859.910963,286.4,1
Masereka,2026-06-30,20,1.0,0.0,0.0,0.0,0.0,0.0,859.910963,286.4,1
Masereka,2026-07-01,21,1.0,0.0,0.0,0.0,0.0,0.0,859.910963,286.4,1
Masereka,2026-07-02,22,1.0,0.0,0.0,0.0,0.0,0.0,859.910963,286.4,1
Masereka,2026-07-03,23,2.0,0.0,0.0,0.0,0.0,0.0,859.910963,286.4,1
Masereka,2026-07-04,24,2.0,0.0,0.0,0.0,0.0,0.0,859.910963,286.4,1
Masereka,2026-07-05,25,3.0,0.0,0.0,0.0,0.0,0.0,859.910963,286.4,0
Masereka,2026-07-06,26,3.0,0.0,0.0,0.0,0.0,0.0,859.910963,286.4,0
Masereka,2026-07-07,27,3.0,0.0,0.0,0.0,0.0,0.0,859.910963,286.4,0
Masereka,2026-07-08,28,3.0,0.0,0.0,0.0,0.0,0.0,859.910963,286.4,0
Masereka,2026-07-09,29,3.0,0.0,0.0,0.0,0.0,0.0,859.910963,286.4,0
Masereka,2026-07-10,30,3.0,0.0,0.0,0.0,0.0,0.0,859.910963,286.4,0
Miti Murhesa,2026-05-21,0,1.0,0.0,0.0,0.0,1.0,0.0,722.6514521,647.6,1
Miti Murhesa,2026-05-22,1,1.0,0.0,0.0,0.0,1.0,0.0,722.6514521,647.6,1
Miti Murhesa,2026-05-23,2,1.0,0.0,0.0,0.0,1.0,0.0,722.6514521,647.6,1
Miti Murhesa,2026-05-24,3,1.0,0.0,0.0,0.0,1.0,0.0,722.6514521,647.6,1
Miti Murhesa,2026-05-25,4,1.0,0.0,0.0,0.0,1.0,0.0,722.6514521,647.6,1
Miti Murhesa,2026-05-26,5,1.0,0.0,0.0,0.0,1.0,0.0,722.6514521,647.6,1
Miti Murhesa,2026-05-27,6,1.0,0.0,0.0,0.0,1.0,0.0,722.6514521,647.6,1
Miti Murhesa,2026-05-28,7,3.0,1.0,0.0,0.0,1.0,0.0,722.6514521,647.6,1
Miti Murhesa,2026-05-29,8,3.0,1.0,0.0,0.0,1.0,0.0,722.6514521,647.6,1
Miti Murhesa,2026-05-30,9,3.0,1.0,0.0,0.0,1.0,0.0,722.6514521,647.6,1
Miti Murhesa,2026-06-01,11,3.0,1.0,0.0,0.0,0.0,0.0,722.6514521,647.6,1
Miti Murhesa,2026-06-02,12,3.0,1.0,0.0,0.0,0.0,0.0,722.6514521,647.6,1
Miti Murhesa,2026-06-03,13,3.0,1.0,0.0,0.0,0.0,0.0,722.6514521,647.6,1
Miti Murhesa,2026-06-04,14,1.0,1.0,0.0,0.0,0.0,0.0,722.6514521,647.6,1
Miti Murhesa,2026-06-05,15,3.0,1.0,0.0,0.0,0.0,0.0,722.6514521,647.6,1
Miti Murhesa,2026-06-06,16,3.0,1.0,0.0,0.0,0.0,0.0,722.6514521,647.6,1
Miti Murhesa,2026-06-07,17,3.0,1.0,0.0,0.0,0.0,0.0,722.6514521,647.6,1
Miti Murhesa,2026-06-08,18,1.0,1.0,0.0,0.0,0.0,0.0,722.6514521,647.6,1
Miti Murhesa,2026-06-09,19,3.0,1.0,0.0,0.0,0.0,0.0,722.6514521,647.6,0
Miti Murhesa,2026-06-10,20,3.0,1.0,0.0,0.0,0.0,0.0,722.6514521,647.6,0
Miti Murhesa,2026-06-11,21,3.0,1.0,0.0,0.0,0.0,0.0,722.6514521,647.6,0
Miti Murhesa,2026-06-13,23,3.0,1.0,0.0,0.0,0.0,0.0,722.6514521,647.6,0
Miti Murhesa,2026-06-14,24,3.0,1.0,0.0,0.0,0.0,0.0,722.6514521,647.6,0
Miti Murhesa,2026-06-15,25,3.0,1.0,0.0,0.0,0.0,0.0,722.6514521,647.6,0
Miti Murhesa,2026-06-16,26,3.0,0.0,0.0,0.0,0.0,0.0,722.6514521,647.6,0
Miti Murhesa,2026-06-17,27,3.0,1.0,0.0,0.0,0.0,0.0,722.6514521,647.6,0
Miti Murhesa,2026-06-18,28,3.0,1.0,0.0,0.0,0.0,0.0,722.6514521,647.6,0
Miti Murhesa,2026-06-19,29,3.0,1.0,0.0,0.0,0.0,0.0,722.6514521,647.6,0
Miti Murhesa,2026-06-20,30,3.0,1.0,0.0,0.0,0.0,0.0,722.6514521,647.6,0
Miti Murhesa,2026-06-21,31,3.0,1.0,0.0,0.0,0.0,0.0,722.6514521,647.6,0
Miti Murhesa,2026-06-22,32,3.0,1.0,0.0,0.0,0.0,0.0,722.6514521,647.6,0
Miti Murhesa,2026-06-24,34,3.0,1.0,0.0,0.0,0.0,0.0,722.6514521,647.6,0
Miti Murhesa,2026-06-25,35,3.0,1.0,0.0,0.0,0.0,0.0,722.6514521,647.6,0
Miti Murhesa,2026-06-29,39,3.0,1.0,0.0,0.0,0.0,0.0,722.6514521,647.6,0
Miti Murhesa,2026-06-30,40,3.0,1.0,0.0,0.0,0.0,0.0,722.6514521,647.6,0
Miti Murhesa,2026-07-01,41,3.0,1.0,0.0,0.0,0.0,0.0,722.6514521,647.6,0
Miti Murhesa,2026-07-02,42,3.0,1.0,0.0,0.0,0.0,0.0,722.6514521,647.6,0
Miti Murhesa,2026-07-03,43,3.0,1.0,0.0,0.0,0.0,0.0,722.6514521,647.6,0
Miti Murhesa,2026-07-04,44,3.0,1.0,0.0,0.0,0.0,0.0,722.6514521,647.6,0
Miti Murhesa,2026-07-05,45,3.0,1.0,0.0,0.0,0.0,0.0,722.6514521,647.6,0
Miti Murhesa,2026-07-06,46,3.0,1.0,0.0,0.0,0.0,0.0,722.6514521,647.6,0
Miti Murhesa,2026-07-07,47,3.0,1.0,0.0,0.0,0.0,0.0,722.6514521,647.6,0
Miti Murhesa,2026-07-08,48,3.0,1.0,0.0,0.0,0.0,0.0,722.6514521,647.6,0
Miti Murhesa,2026-07-09,49,3.0,1.0,0.0,0.0,0.0,0.0,722.6514521,647.6,0
Mongbwalu,2026-05-14,0,0.0,0.0,0.0,82.0,0.0,57.0,49.26880992,231.6,1
Mongbwalu,2026-05-15,0,0.0,0.0,3.0,0.0,0.0,0.0,49.26880992,231.6,1
Mongbwalu,2026-05-18,0,1.0,0.0,12.0,161.0,302.0,74.0,49.26880992,231.6,1
Mongbwalu,2026-05-19,1,13.0,0.0,16.0,176.0,309.0,77.0,49.26880992,231.6,1
Mongbwalu,2026-05-20,2,13.0,0.0,22.0,176.0,317.0,80.0,49.26880992,231.6,1
Mongbwalu,2026-05-21,3,14.0,0.0,23.0,176.0,322.0,84.0,49.26880992,231.6,1
Mongbwalu,2026-05-22,4,10.0,0.0,30.0,222.0,339.0,88.0,49.26880992,231.6,1
Mongbwalu,2026-05-23,5,19.0,0.0,30.0,222.0,339.0,88.0,49.26880992,231.6,1
Mongbwalu,2026-05-24,6,19.0,0.0,0.0,222.0,339.0,88.0,49.26880992,231.6,1
Mongbwalu,2026-05-25,7,19.0,0.0,0.0,222.0,364.0,88.0,49.26880992,231.6,1
Mongbwalu,2026-05-26,8,20.0,0.0,0.0,222.0,375.0,88.0,49.26880992,231.6,1
Mongbwalu,2026-05-27,9,20.0,0.0,0.0,222.0,339.0,88.0,49.26880992,231.6,1
Mongbwalu,2026-05-28,10,47.0,10.0,0.0,222.0,346.0,88.0,49.26880992,231.6,1
Mongbwalu,2026-05-29,11,47.0,10.0,0.0,222.0,346.0,88.0,49.26880992,231.6,1
Mongbwalu,2026-05-30,12,47.0,10.0,0.0,222.0,346.0,88.0,49.26880992,231.6,1
Mongbwalu,2026-06-01,14,47.0,10.0,0.0,0.0,0.0,0.0,49.26880992,231.6,1
Mongbwalu,2026-06-02,15,47.0,10.0,0.0,0.0,0.0,0.0,49.26880992,231.6,1
Mongbwalu,2026-06-03,16,47.0,10.0,0.0,0.0,0.0,0.0,49.26880992,231.6,1
Mongbwalu,2026-06-04,17,64.0,21.0,0.0,0.0,0.0,0.0,49.26880992,231.6,1
Mongbwalu,2026-06-05,18,74.0,21.0,0.0,0.0,0.0,0.0,49.26880992,231.6,1
Mongbwalu,2026-06-06,19,92.0,25.0,0.0,0.0,0.0,0.0,49.26880992,231.6,1
Mongbwalu,2026-06-07,20,98.0,29.0,0.0,0.0,0.0,0.0,49.26880992,231.6,1
Mongbwalu,2026-06-08,21,114.0,40.0,0.0,0.0,0.0,0.0,49.26880992,231.6,1
Mongbwalu,2026-06-09,22,127.0,47.0,0.0,0.0,0.0,0.0,49.26880992,231.6,1
Mongbwalu,2026-06-10,23,132.0,49.0,0.0,0.0,0.0,0.0,49.26880992,231.6,1
Mongbwalu,2026-06-11,24,136.0,52.0,0.0,0.0,0.0,0.0,49.26880992,231.6,1
Mongbwalu,2026-06-13,26,164.0,73.0,0.0,0.0,0.0,0.0,49.26880992,231.6,1
Mongbwalu,2026-06-14,27,175.0,80.0,0.0,0.0,0.0,0.0,49.26880992,231.6,1
Mongbwalu,2026-06-15,28,185.0,83.0,0.0,0.0,0.0,0.0,49.26880992,231.6,1
Mongbwalu,2026-06-16,29,189.0,0.0,0.0,0.0,0.0,0.0,49.26880992,231.6,1
Mongbwalu,2026-06-17,30,189.0,83.0,0.0,0.0,0.0,0.0,49.26880992,231.6,1
Mongbwalu,2026-06-18,31,198.0,87.0,0.0,0.0,0.0,0.0,49.26880992,231.6,1
Mongbwalu,2026-06-19,32,209.0,89.0,0.0,0.0,0.0,0.0,49.26880992,231.6,1
Mongbwalu,2026-06-20,33,220.0,91.0,0.0,0.0,0.0,0.0,49.26880992,231.6,1
Mongbwalu,2026-06-21,34,229.0,96.0,0.0,0.0,0.0,0.0,49.26880992,231.6,1
Mongbwalu,2026-06-22,35,237.0,100.0,0.0,0.0,0.0,0.0,49.26880992,231.6,1
Mongbwalu,2026-06-23,36,241.0,103.0,0.0,0.0,0.0,0.0,49.26880992,231.6,1
Mongbwalu,2026-06-24,37,245.0,105.0,0.0,0.0,0.0,0.0,49.26880992,231.6,1
Mongbwalu,2026-06-25,38,250.0,109.0,0.0,0.0,0.0,0.0,49.26880992,231.6,1
Mongbwalu,2026-06-29,42,258.0,123.0,0.0,0.0,0.0,0.0,49.26880992,231.6,1
Mongbwalu,2026-06-30,43,264.0,126.0,0.0,0.0,0.0,0.0,49.26880992,231.6,1
Mongbwalu,2026-07-01,44,270.0,127.0,0.0,0.0,0.0,0.0,49.26880992,231.6,1
Mongbwalu,2026-07-02,45,273.0,136.0,0.0,0.0,0.0,0.0,49.26880992,231.6,1
Mongbwalu,2026-07-03,46,276.0,139.0,0.0,0.0,0.0,0.0,49.26880992,231.6,1
Mongbwalu,2026-07-04,47,278.0,141.0,0.0,0.0,0.0,0.0,49.26880992,231.6,1
Mongbwalu,2026-07-05,48,288.0,149.0,0.0,0.0,0.0,0.0,49.26880992,231.6,1
Mongbwalu,2026-07-06,49,298.0,154.0,0.0,0.0,0.0,0.0,49.26880992,231.6,1
Mongbwalu,2026-07-07,50,310.0,165.0,0.0,0.0,0.0,0.0,49.26880992,231.6,1
Mongbwalu,2026-07-08,51,315.0,167.0,0.0,0.0,0.0,0.0,49.26880992,231.6,1
Mongbwalu,2026-07-09,52,327.0,170.0,0.0,0.0,0.0,0.0,49.26880992,231.6,1
Mongbwalu,2026-07-10,53,329.0,171.0,0.0,0.0,0.0,0.0,49.26880992,231.6,1
Musienene,2026-06-16,0,1.0,0.0,0.0,0.0,0.0,0.0,272.4130578,304.6,0
Musienene,2026-06-17,1,1.0,1.0,0.0,0.0,0.0,0.0,272.4130578,304.6,0
Musienene,2026-06-18,2,1.0,1.0,0.0,0.0,0.0,0.0,272.4130578,304.6,0
Musienene,2026-06-19,3,1.0,1.0,0.0,0.0,0.0,0.0,272.4130578,304.6,1
Musienene,2026-06-20,4,1.0,1.0,0.0,0.0,0.0,0.0,272.4130578,304.6,1
Musienene,2026-06-21,5,2.0,1.0,0.0,0.0,0.0,0.0,272.4130578,304.6,1
Musienene,2026-06-22,6,2.0,1.0,0.0,0.0,0.0,0.0,272.4130578,304.6,1
Musienene,2026-06-23,7,2.0,2.0,0.0,0.0,0.0,0.0,272.4130578,304.6,1
Musienene,2026-06-24,8,2.0,2.0,0.0,0.0,0.0,0.0,272.4130578,304.6,1
Musienene,2026-06-25,9,2.0,2.0,0.0,0.0,0.0,0.0,272.4130578,304.6,1
Musienene,2026-06-29,13,3.0,2.0,0.0,0.0,0.0,0.0,272.4130578,304.6,1
Musienene,2026-06-30,14,3.0,2.0,0.0,0.0,0.0,0.0,272.4130578,304.6,1
Musienene,2026-07-01,15,3.0,2.0,0.0,0.0,0.0,0.0,272.4130578,304.6,1
Musienene,2026-07-02,16,3.0,2.0,0.0,0.0,0.0,0.0,272.4130578,304.6,1
Musienene,2026-07-03,17,4.0,2.0,0.0,0.0,0.0,0.0,272.4130578,304.6,1
Musienene,2026-07-04,18,6.0,2.0,0.0,0.0,0.0,0.0,272.4130578,304.6,1
Musienene,2026-07-05,19,8.0,2.0,0.0,0.0,0.0,0.0,272.4130578,304.6,1
Musienene,2026-07-06,20,8.0,2.0,0.0,0.0,0.0,0.0,272.4130578,304.6,1
Musienene,2026-07-07,21,8.0,2.0,0.0,0.0,0.0,0.0,272.4130578,304.6,1
Musienene,2026-07-08,22,8.0,2.0,0.0,0.0,0.0,0.0,272.4130578,304.6,1
Musienene,2026-07-09,23,9.0,2.0,0.0,0.0,0.0,0.0,272.4130578,304.6,1
Musienene,2026-07-10,24,9.0,2.0,0.0,0.0,0.0,0.0,272.4130578,304.6,1
Nia Nia,2026-06-13,0,1.0,1.0,0.0,0.0,0.0,0.0,12.26201749,438.5,0
Nia Nia,2026-06-14,1,1.0,1.0,0.0,0.0,0.0,0.0,12.26201749,438.5,1
Nia Nia,2026-06-15,2,1.0,1.0,0.0,0.0,0.0,0.0,12.26201749,438.5,1
Nia Nia,2026-06-16,3,1.0,0.0,0.0,0.0,0.0,0.0,12.26201749,438.5,1
Nia Nia,2026-06-17,4,1.0,1.0,0.0,0.0,0.0,0.0,12.26201749,438.5,1
Nia Nia,2026-06-18,5,1.0,1.0,0.0,0.0,0.0,0.0,12.26201749,438.5,1
Nia Nia,2026-06-19,6,1.0,1.0,0.0,0.0,0.0,0.0,12.26201749,438.5,1
Nia Nia,2026-06-20,7,1.0,1.0,0.0,0.0,0.0,0.0,12.26201749,438.5,1
Nia Nia,2026-06-21,8,2.0,2.0,0.0,0.0,0.0,0.0,12.26201749,438.5,1
Nia Nia,2026-06-22,9,2.0,2.0,0.0,0.0,0.0,0.0,12.26201749,438.5,1
Nia Nia,2026-06-23,10,5.0,3.0,0.0,0.0,0.0,0.0,12.26201749,438.5,1
Nia Nia,2026-06-24,11,5.0,3.0,0.0,0.0,0.0,0.0,12.26201749,438.5,1
Nia Nia,2026-06-25,12,5.0,3.0,0.0,0.0,0.0,0.0,12.26201749,438.5,1
Nia Nia,2026-06-29,16,11.0,5.0,0.0,0.0,0.0,0.0,12.26201749,438.5,1
Nia Nia,2026-06-30,17,12.0,5.0,0.0,0.0,0.0,0.0,12.26201749,438.5,1
Nia Nia,2026-07-01,18,12.0,5.0,0.0,0.0,0.0,0.0,12.26201749,438.5,1
Nia Nia,2026-07-02,19,12.0,5.0,0.0,0.0,0.0,0.0,12.26201749,438.5,1
Nia Nia,2026-07-03,20,12.0,5.0,0.0,0.0,0.0,0.0,12.26201749,438.5,1
Nia Nia,2026-07-04,21,12.0,5.0,0.0,0.0,0.0,0.0,12.26201749,438.5,1
Nia Nia,2026-07-05,22,20.0,5.0,0.0,0.0,0.0,0.0,12.26201749,438.5,1
Nia Nia,2026-07-06,23,33.0,12.0,0.0,0.0,0.0,0.0,12.26201749,438.5,1
Nia Nia,2026-07-07,24,35.0,13.0,0.0,0.0,0.0,0.0,12.26201749,438.5,0
Nia Nia,2026-07-08,25,35.0,13.0,0.0,0.0,0.0,0.0,12.26201749,438.5,0
Nia Nia,2026-07-09,26,35.0,13.0,0.0,0.0,0.0,0.0,12.26201749,438.5,0
Nizi,2026-05-21,0,1.0,0.0,0.0,0.0,1.0,0.0,671.566862,27.1,0
Nizi,2026-05-22,1,2.0,0.0,1.0,0.0,5.0,1.0,671.566862,27.1,0
Nizi,2026-05-23,2,2.0,0.0,1.0,22.0,6.0,2.0,671.566862,27.1,0
Nizi,2026-05-24,3,2.0,0.0,0.0,22.0,6.0,2.0,671.566862,27.1,0
Nizi,2026-05-25,4,2.0,0.0,0.0,22.0,9.0,2.0,671.566862,27.1,0
Nizi,2026-05-26,5,2.0,0.0,0.0,22.0,15.0,2.0,671.566862,27.1,0
Nizi,2026-05-27,6,2.0,0.0,0.0,220.0,6.0,2.0,671.566862,27.1,1
Nizi,2026-05-28,7,2.0,0.0,0.0,220.0,6.0,2.0,671.566862,27.1,1
Nizi,2026-05-29,8,2.0,0.0,0.0,260.0,6.0,2.0,671.566862,27.1,1
Nizi,2026-05-30,9,2.0,0.0,0.0,260.0,6.0,2.0,671.566862,27.1,1
Nizi,2026-06-01,11,2.0,0.0,0.0,0.0,0.0,0.0,671.566862,27.1,1
Nizi,2026-06-02,12,2.0,0.0,0.0,0.0,0.0,0.0,671.566862,27.1,1
Nizi,2026-06-03,13,2.0,0.0,0.0,0.0,0.0,0.0,671.566862,27.1,1
Nizi,2026-06-04,14,5.0,0.0,0.0,0.0,0.0,0.0,671.566862,27.1,1
Nizi,2026-06-05,15,5.0,0.0,0.0,0.0,0.0,0.0,671.566862,27.1,1
Nizi,2026-06-06,16,5.0,0.0,0.0,0.0,0.0,0.0,671.566862,27.1,1
Nizi,2026-06-07,17,5.0,0.0,0.0,0.0,0.0,0.0,671.566862,27.1,1
Nizi,2026-06-08,18,5.0,0.0,0.0,0.0,0.0,0.0,671.566862,27.1,1
Nizi,2026-06-09,19,5.0,0.0,0.0,0.0,0.0,0.0,671.566862,27.1,1
Nizi,2026-06-10,20,7.0,0.0,0.0,0.0,0.0,0.0,671.566862,27.1,1
Nizi,2026-06-11,21,9.0,1.0,0.0,0.0,0.0,0.0,671.566862,27.1,1
Nizi,2026-06-13,23,11.0,1.0,0.0,0.0,0.0,0.0,671.566862,27.1,1
Nizi,2026-06-14,24,11.0,1.0,0.0,0.0,0.0,0.0,671.566862,27.1,1
Nizi,2026-06-15,25,16.0,1.0,0.0,0.0,0.0,0.0,671.566862,27.1,1
Nizi,2026-06-16,26,16.0,0.0,0.0,0.0,0.0,0.0,671.566862,27.1,1
Nizi,2026-06-17,27,25.0,5.0,0.0,0.0,0.0,0.0,671.566862,27.1,1
Nizi,2026-06-18,28,26.0,5.0,0.0,0.0,0.0,0.0,671.566862,27.1,1
Nizi,2026-06-19,29,26.0,5.0,0.0,0.0,0.0,0.0,671.566862,27.1,1
Nizi,2026-06-20,30,26.0,5.0,0.0,0.0,0.0,0.0,671.566862,27.1,1
Nizi,2026-06-21,31,26.0,5.0,0.0,0.0,0.0,0.0,671.566862,27.1,1
Nizi,2026-06-22,32,30.0,6.0,0.0,0.0,0.0,0.0,671.566862,27.1,1
Nizi,2026-06-23,33,30.0,6.0,0.0,0.0,0.0,0.0,671.566862,27.1,1
Nizi,2026-06-24,34,30.0,6.0,0.0,0.0,0.0,0.0,671.566862,27.1,1
Nizi,2026-06-25,35,32.0,6.0,0.0,0.0,0.0,0.0,671.566862,27.1,1
Nizi,2026-06-29,39,41.0,9.0,0.0,0.0,0.0,0.0,671.566862,27.1,1
Nizi,2026-06-30,40,61.0,19.0,0.0,0.0,0.0,0.0,671.566862,27.1,1
Nizi,2026-07-01,41,65.0,19.0,0.0,0.0,0.0,0.0,671.566862,27.1,1
Nizi,2026-07-02,42,65.0,19.0,0.0,0.0,0.0,0.0,671.566862,27.1,1
Nizi,2026-07-03,43,65.0,19.0,0.0,0.0,0.0,0.0,671.566862,27.1,1
Nizi,2026-07-04,44,72.0,19.0,0.0,0.0,0.0,0.0,671.566862,27.1,1
Nizi,2026-07-05,45,78.0,19.0,0.0,0.0,0.0,0.0,671.566862,27.1,1
Nizi,2026-07-06,46,84.0,24.0,0.0,0.0,0.0,0.0,671.566862,27.1,1
Nizi,2026-07-07,47,94.0,28.0,0.0,0.0,0.0,0.0,671.566862,27.1,1
Nizi,2026-07-08,48,104.0,36.0,0.0,0.0,0.0,0.0,671.566862,27.1,1
Nizi,2026-07-09,49,107.0,36.0,0.0,0.0,0.0,0.0,671.566862,27.1,1
Nizi,2026-07-10,50,110.0,36.0,0.0,0.0,0.0,0.0,671.566862,27.1,1
Nyankunde,2026-05-18,0,4.0,0.0,3.0,133.0,14.0,1.0,100.8724535,58.9,0
Nyankunde,2026-05-19,1,4.0,0.0,8.0,133.0,19.0,5.0,100.8724535,58.9,1
Nyankunde,2026-05-20,2,5.0,0.0,17.0,133.0,28.0,5.0,100.8724535,58.9,1
Nyankunde,2026-05-21,3,11.0,0.0,26.0,340.0,38.0,6.0,100.8724535,58.9,1
Nyankunde,2026-05-22,4,9.0,0.0,6.0,365.0,45.0,8.0,100.8724535,58.9,1
Nyankunde,2026-05-23,5,9.0,0.0,6.0,365.0,45.0,8.0,100.8724535,58.9,1
Nyankunde,2026-05-24,6,9.0,0.0,0.0,365.0,45.0,11.0,100.8724535,58.9,1
Nyankunde,2026-05-25,7,9.0,0.0,0.0,365.0,66.0,15.0,100.8724535,58.9,1
Nyankunde,2026-05-26,8,10.0,0.0,0.0,365.0,70.0,15.0,100.8724535,58.9,1
Nyankunde,2026-05-27,9,10.0,0.0,0.0,397.0,45.0,11.0,100.8724535,58.9,1
Nyankunde,2026-05-28,10,19.0,1.0,0.0,397.0,52.0,12.0,100.8724535,58.9,1
Nyankunde,2026-05-29,11,19.0,1.0,0.0,743.0,52.0,12.0,100.8724535,58.9,1
Nyankunde,2026-05-30,12,19.0,1.0,0.0,743.0,52.0,12.0,100.8724535,58.9,1
Nyankunde,2026-06-01,14,19.0,1.0,0.0,0.0,0.0,0.0,100.8724535,58.9,1
Nyankunde,2026-06-02,15,22.0,1.0,0.0,0.0,0.0,0.0,100.8724535,58.9,1
Nyankunde,2026-06-03,16,22.0,1.0,0.0,0.0,0.0,0.0,100.8724535,58.9,1
Nyankunde,2026-06-04,17,22.0,1.0,0.0,0.0,0.0,0.0,100.8724535,58.9,1
Nyankunde,2026-06-05,18,24.0,1.0,0.0,0.0,0.0,0.0,100.8724535,58.9,1
Nyankunde,2026-06-06,19,24.0,1.0,0.0,0.0,0.0,0.0,100.8724535,58.9,1
Nyankunde,2026-06-07,20,26.0,1.0,0.0,0.0,0.0,0.0,100.8724535,58.9,1
Nyankunde,2026-06-08,21,32.0,1.0,0.0,0.0,0.0,0.0,100.8724535,58.9,1
Nyankunde,2026-06-09,22,32.0,1.0,0.0,0.0,0.0,0.0,100.8724535,58.9,1
Nyankunde,2026-06-10,23,33.0,1.0,0.0,0.0,0.0,0.0,100.8724535,58.9,1
Nyankunde,2026-06-11,24,33.0,1.0,0.0,0.0,0.0,0.0,100.8724535,58.9,1
Nyankunde,2026-06-13,26,38.0,4.0,0.0,0.0,0.0,0.0,100.8724535,58.9,1
Nyankunde,2026-06-14,27,42.0,4.0,0.0,0.0,0.0,0.0,100.8724535,58.9,1
Nyankunde,2026-06-15,28,45.0,4.0,0.0,0.0,0.0,0.0,100.8724535,58.9,1
Nyankunde,2026-06-16,29,45.0,0.0,0.0,0.0,0.0,0.0,100.8724535,58.9,1
Nyankunde,2026-06-17,30,68.0,6.0,0.0,0.0,0.0,0.0,100.8724535,58.9,1
Nyankunde,2026-06-18,31,77.0,7.0,0.0,0.0,0.0,0.0,100.8724535,58.9,1
Nyankunde,2026-06-19,32,79.0,7.0,0.0,0.0,0.0,0.0,100.8724535,58.9,1
Nyankunde,2026-06-20,33,79.0,7.0,0.0,0.0,0.0,0.0,100.8724535,58.9,1
Nyankunde,2026-06-21,34,86.0,9.0,0.0,0.0,0.0,0.0,100.8724535,58.9,1
Nyankunde,2026-06-22,35,86.0,9.0,0.0,0.0,0.0,0.0,100.8724535,58.9,1
Nyankunde,2026-06-23,36,86.0,9.0,0.0,0.0,0.0,0.0,100.8724535,58.9,1
Nyankunde,2026-06-24,37,91.0,10.0,0.0,0.0,0.0,0.0,100.8724535,58.9,1
Nyankunde,2026-06-25,38,93.0,11.0,0.0,0.0,0.0,0.0,100.8724535,58.9,1
Nyankunde,2026-06-29,42,94.0,15.0,0.0,0.0,0.0,0.0,100.8724535,58.9,1
Nyankunde,2026-06-30,43,95.0,16.0,0.0,0.0,0.0,0.0,100.8724535,58.9,1
Nyankunde,2026-07-01,44,95.0,16.0,0.0,0.0,0.0,0.0,100.8724535,58.9,1
Nyankunde,2026-07-02,45,95.0,16.0,0.0,0.0,0.0,0.0,100.8724535,58.9,1
Nyankunde,2026-07-03,46,95.0,17.0,0.0,0.0,0.0,0.0,100.8724535,58.9,1
Nyankunde,2026-07-04,47,95.0,17.0,0.0,0.0,0.0,0.0,100.8724535,58.9,1
Nyankunde,2026-07-05,48,96.0,19.0,0.0,0.0,0.0,0.0,100.8724535,58.9,1
Nyankunde,2026-07-06,49,96.0,20.0,0.0,0.0,0.0,0.0,100.8724535,58.9,1
Nyankunde,2026-07-07,50,97.0,20.0,0.0,0.0,0.0,0.0,100.8724535,58.9,1
Nyankunde,2026-07-08,51,97.0,22.0,0.0,0.0,0.0,0.0,100.8724535,58.9,1
Nyankunde,2026-07-09,52,97.0,22.0,0.0,0.0,0.0,0.0,100.8724535,58.9,1
Nyankunde,2026-07-10,53,97.0,23.0,0.0,0.0,0.0,0.0,100.8724535,58.9,1
Oicha,2026-05-24,0,1.0,0.0,0.0,0.0,0.0,0.0,217.4076763,206.1,1
Oicha,2026-05-25,1,1.0,0.0,0.0,0.0,0.0,0.0,217.4076763,206.1,1
Oicha,2026-05-26,2,1.0,0.0,0.0,0.0,8.0,0.0,217.4076763,206.1,1
Oicha,2026-05-27,3,2.0,0.0,0.0,0.0,0.0,0.0,217.4076763,206.1,1
Oicha,2026-05-28,4,1.0,0.0,0.0,0.0,0.0,0.0,217.4076763,206.1,1
Oicha,2026-05-29,5,1.0,0.0,0.0,0.0,0.0,0.0,217.4076763,206.1,1
Oicha,2026-05-30,6,1.0,0.0,0.0,0.0,0.0,0.0,217.4076763,206.1,1
Oicha,2026-06-01,8,2.0,2.0,0.0,0.0,0.0,0.0,217.4076763,206.1,0
Oicha,2026-06-02,9,2.0,2.0,0.0,0.0,0.0,0.0,217.4076763,206.1,0
Oicha,2026-06-03,10,2.0,2.0,0.0,0.0,0.0,0.0,217.4076763,206.1,0
Oicha,2026-06-04,11,2.0,2.0,0.0,0.0,0.0,0.0,217.4076763,206.1,0
Oicha,2026-06-05,12,2.0,2.0,0.0,0.0,0.0,0.0,217.4076763,206.1,0
Oicha,2026-06-06,13,2.0,2.0,0.0,0.0,0.0,0.0,217.4076763,206.1,0
Oicha,2026-06-07,14,2.0,2.0,0.0,0.0,0.0,0.0,217.4076763,206.1,0
Oicha,2026-06-08,15,2.0,2.0,0.0,0.0,0.0,0.0,217.4076763,206.1,1
Oicha,2026-06-09,16,2.0,2.0,0.0,0.0,0.0,0.0,217.4076763,206.1,1
Oicha,2026-06-10,17,2.0,2.0,0.0,0.0,0.0,0.0,217.4076763,206.1,1
Oicha,2026-06-11,18,2.0,2.0,0.0,0.0,0.0,0.0,217.4076763,206.1,1
Oicha,2026-06-13,20,2.0,2.0,0.0,0.0,0.0,0.0,217.4076763,206.1,1
Oicha,2026-06-14,21,2.0,2.0,0.0,0.0,0.0,0.0,217.4076763,206.1,1
Oicha,2026-06-15,22,2.0,2.0,0.0,0.0,0.0,0.0,217.4076763,206.1,1
Oicha,2026-06-16,23,3.0,0.0,0.0,0.0,0.0,0.0,217.4076763,206.1,0
Oicha,2026-06-17,24,3.0,2.0,0.0,0.0,0.0,0.0,217.4076763,206.1,0
Oicha,2026-06-18,25,3.0,2.0,0.0,0.0,0.0,0.0,217.4076763,206.1,0
Oicha,2026-06-19,26,3.0,2.0,0.0,0.0,0.0,0.0,217.4076763,206.1,0
Oicha,2026-06-20,27,3.0,2.0,0.0,0.0,0.0,0.0,217.4076763,206.1,0
Oicha,2026-06-21,28,3.0,2.0,0.0,0.0,0.0,0.0,217.4076763,206.1,0
Oicha,2026-06-22,29,3.0,2.0,0.0,0.0,0.0,0.0,217.4076763,206.1,0
Oicha,2026-06-23,30,3.0,2.0,0.0,0.0,0.0,0.0,217.4076763,206.1,0
Oicha,2026-06-24,31,3.0,2.0,0.0,0.0,0.0,0.0,217.4076763,206.1,0
Oicha,2026-06-25,32,3.0,2.0,0.0,0.0,0.0,0.0,217.4076763,206.1,0
Oicha,2026-06-29,36,3.0,2.0,0.0,0.0,0.0,0.0,217.4076763,206.1,0
Oicha,2026-06-30,37,3.0,2.0,0.0,0.0,0.0,0.0,217.4076763,206.1,0
Oicha,2026-07-01,38,3.0,2.0,0.0,0.0,0.0,0.0,217.4076763,206.1,0
Oicha,2026-07-02,39,3.0,2.0,0.0,0.0,0.0,0.0,217.4076763,206.1,0
Oicha,2026-07-03,40,3.0,2.0,0.0,0.0,0.0,0.0,217.4076763,206.1,0
Oicha,2026-07-04,41,3.0,2.0,0.0,0.0,0.0,0.0,217.4076763,206.1,0
Oicha,2026-07-05,42,3.0,2.0,0.0,0.0,0.0,0.0,217.4076763,206.1,0
Oicha,2026-07-06,43,3.0,2.0,0.0,0.0,0.0,0.0,217.4076763,206.1,0
Oicha,2026-07-07,44,3.0,2.0,0.0,0.0,0.0,0.0,217.4076763,206.1,0
Oicha,2026-07-08,45,3.0,2.0,0.0,0.0,0.0,0.0,217.4076763,206.1,0
Oicha,2026-07-09,46,3.0,2.0,0.0,0.0,0.0,0.0,217.4076763,206.1,0
Oicha,2026-07-10,47,3.0,2.0,0.0,0.0,0.0,0.0,217.4076763,206.1,0
Rimba,2026-05-26,0,0.0,0.0,0.0,0.0,14.0,4.0,475.5410984,159.3,0
Rimba,2026-05-27,0,0.0,0.0,0.0,0.0,0.0,0.0,475.5410984,159.3,0
Rimba,2026-06-02,0,3.0,0.0,0.0,0.0,0.0,0.0,475.5410984,159.3,0
Rimba,2026-06-04,2,3.0,0.0,0.0,0.0,0.0,0.0,475.5410984,159.3,0
Rimba,2026-06-05,3,3.0,0.0,0.0,0.0,0.0,0.0,475.5410984,159.3,0
Rimba,2026-06-06,4,3.0,0.0,0.0,0.0,0.0,0.0,475.5410984,159.3,0
Rimba,2026-06-07,5,3.0,0.0,0.0,0.0,0.0,0.0,475.5410984,159.3,0
Rimba,2026-06-08,6,3.0,0.0,0.0,0.0,0.0,0.0,475.5410984,159.3,0
Rimba,2026-06-09,7,3.0,0.0,0.0,0.0,0.0,0.0,475.5410984,159.3,0
Rimba,2026-06-10,8,3.0,0.0,0.0,0.0,0.0,0.0,475.5410984,159.3,0
Rimba,2026-06-11,9,3.0,0.0,0.0,0.0,0.0,0.0,475.5410984,159.3,0
Rimba,2026-06-13,11,3.0,0.0,0.0,0.0,0.0,0.0,475.5410984,159.3,0
Rimba,2026-06-14,12,3.0,0.0,0.0,0.0,0.0,0.0,475.5410984,159.3,0
Rimba,2026-06-15,13,3.0,0.0,0.0,0.0,0.0,0.0,475.5410984,159.3,0
Rimba,2026-06-16,14,3.0,0.0,0.0,0.0,0.0,0.0,475.5410984,159.3,0
Rimba,2026-06-17,15,3.0,0.0,0.0,0.0,0.0,0.0,475.5410984,159.3,0
Rimba,2026-06-18,16,3.0,0.0,0.0,0.0,0.0,0.0,475.5410984,159.3,0
Rimba,2026-06-19,17,3.0,0.0,0.0,0.0,0.0,0.0,475.5410984,159.3,0
Rimba,2026-06-20,18,3.0,0.0,0.0,0.0,0.0,0.0,475.5410984,159.3,0
Rimba,2026-06-21,19,3.0,0.0,0.0,0.0,0.0,0.0,475.5410984,159.3,0
Rimba,2026-06-22,20,3.0,0.0,0.0,0.0,0.0,0.0,475.5410984,159.3,0
Rimba,2026-06-23,21,3.0,0.0,0.0,0.0,0.0,0.0,475.5410984,159.3,0
Rimba,2026-06-24,22,3.0,0.0,0.0,0.0,0.0,0.0,475.5410984,159.3,0
Rimba,2026-06-25,23,3.0,0.0,0.0,0.0,0.0,0.0,475.5410984,159.3,1
Rimba,2026-06-29,27,3.0,0.0,0.0,0.0,0.0,0.0,475.5410984,159.3,1
Rimba,2026-06-30,28,3.0,0.0,0.0,0.0,0.0,0.0,475.5410984,159.3,1
Rimba,2026-07-01,29,3.0,0.0,0.0,0.0,0.0,0.0,475.5410984,159.3,1
Rimba,2026-07-02,30,3.0,0.0,0.0,0.0,0.0,0.0,475.5410984,159.3,1
Rimba,2026-07-03,31,3.0,0.0,0.0,0.0,0.0,0.0,475.5410984,159.3,1
Rimba,2026-07-04,32,3.0,0.0,0.0,0.0,0.0,0.0,475.5410984,159.3,1
Rimba,2026-07-05,33,4.0,0.0,0.0,0.0,0.0,0.0,475.5410984,159.3,0
Rimba,2026-07-06,34,4.0,0.0,0.0,0.0,0.0,0.0,475.5410984,159.3,0
Rimba,2026-07-07,35,4.0,0.0,0.0,0.0,0.0,0.0,475.5410984,159.3,0
Rimba,2026-07-08,36,4.0,0.0,0.0,0.0,0.0,0.0,475.5410984,159.3,0
Rimba,2026-07-09,37,4.0,0.0,0.0,0.0,0.0,0.0,475.5410984,159.3,0
Rwampara,2026-05-15,0,13.0,0.0,5.0,0.0,72.0,0.0,378.3922622,46.9,0
Rwampara,2026-05-18,3,19.0,0.0,51.0,120.0,136.0,38.0,378.3922622,46.9,0
Rwampara,2026-05-19,4,25.0,0.0,44.0,335.0,154.0,43.0,378.3922622,46.9,1
Rwampara,2026-05-20,5,24.0,0.0,69.0,621.0,179.0,44.0,378.3922622,46.9,1
Rwampara,2026-05-21,6,31.0,1.0,81.0,621.0,193.0,51.0,378.3922622,46.9,1
Rwampara,2026-05-22,7,32.0,2.0,132.0,621.0,221.0,63.0,378.3922622,46.9,1
Rwampara,2026-05-23,8,32.0,2.0,92.0,621.0,228.0,69.0,378.3922622,46.9,1
Rwampara,2026-05-24,9,32.0,2.0,0.0,621.0,228.0,69.0,378.3922622,46.9,1
Rwampara,2026-05-25,10,32.0,2.0,0.0,621.0,240.0,75.0,378.3922622,46.9,1
Rwampara,2026-05-26,11,33.0,2.0,0.0,621.0,240.0,75.0,378.3922622,46.9,1
Rwampara,2026-05-27,12,33.0,2.0,0.0,697.0,228.0,69.0,378.3922622,46.9,1
Rwampara,2026-05-28,13,65.0,13.0,0.0,697.0,241.0,71.0,378.3922622,46.9,1
Rwampara,2026-05-29,14,65.0,13.0,0.0,697.0,241.0,71.0,378.3922622,46.9,1
Rwampara,2026-05-30,15,65.0,13.0,0.0,697.0,241.0,71.0,378.3922622,46.9,1
Rwampara,2026-06-01,17,65.0,13.0,0.0,0.0,0.0,0.0,378.3922622,46.9,1
Rwampara,2026-06-02,18,72.0,15.0,0.0,0.0,0.0,0.0,378.3922622,46.9,1
Rwampara,2026-06-03,19,76.0,16.0,0.0,0.0,0.0,0.0,378.3922622,46.9,1
Rwampara,2026-06-04,20,86.0,18.0,0.0,0.0,0.0,0.0,378.3922622,46.9,1
Rwampara,2026-06-05,21,93.0,19.0,0.0,0.0,0.0,0.0,378.3922622,46.9,1
Rwampara,2026-06-06,22,98.0,19.0,0.0,0.0,0.0,0.0,378.3922622,46.9,1
Rwampara,2026-06-07,23,111.0,20.0,0.0,0.0,0.0,0.0,378.3922622,46.9,1
Rwampara,2026-06-08,24,122.0,20.0,0.0,0.0,0.0,0.0,378.3922622,46.9,1
Rwampara,2026-06-09,25,133.0,25.0,0.0,0.0,0.0,0.0,378.3922622,46.9,1
Rwampara,2026-06-10,26,137.0,25.0,0.0,0.0,0.0,0.0,378.3922622,46.9,1
Rwampara,2026-06-11,27,142.0,26.0,0.0,0.0,0.0,0.0,378.3922622,46.9,1
Rwampara,2026-06-13,29,149.0,27.0,0.0,0.0,0.0,0.0,378.3922622,46.9,1
Rwampara,2026-06-14,30,152.0,27.0,0.0,0.0,0.0,0.0,378.3922622,46.9,1
Rwampara,2026-06-15,31,192.0,27.0,0.0,0.0,0.0,0.0,378.3922622,46.9,1
Rwampara,2026-06-16,32,172.0,0.0,0.0,0.0,0.0,0.0,378.3922622,46.9,1
Rwampara,2026-06-17,33,195.0,33.0,0.0,0.0,0.0,0.0,378.3922622,46.9,1
Rwampara,2026-06-18,34,199.0,35.0,0.0,0.0,0.0,0.0,378.3922622,46.9,1
Rwampara,2026-06-19,35,201.0,35.0,0.0,0.0,0.0,0.0,378.3922622,46.9,1
Rwampara,2026-06-20,36,211.0,35.0,0.0,0.0,0.0,0.0,378.3922622,46.9,1
Rwampara,2026-06-21,37,215.0,36.0,0.0,0.0,0.0,0.0,378.3922622,46.9,1
Rwampara,2026-06-22,38,225.0,37.0,0.0,0.0,0.0,0.0,378.3922622,46.9,1
Rwampara,2026-06-23,39,225.0,37.0,0.0,0.0,0.0,0.0,378.3922622,46.9,1
Rwampara,2026-06-24,40,237.0,40.0,0.0,0.0,0.0,0.0,378.3922622,46.9,1
Rwampara,2026-06-25,41,258.0,43.0,0.0,0.0,0.0,0.0,378.3922622,46.9,1
Rwampara,2026-06-29,45,295.0,60.0,0.0,0.0,0.0,0.0,378.3922622,46.9,1
Rwampara,2026-06-30,46,301.0,61.0,0.0,0.0,0.0,0.0,378.3922622,46.9,1
Rwampara,2026-07-01,47,308.0,63.0,0.0,0.0,0.0,0.0,378.3922622,46.9,1
Rwampara,2026-07-02,48,322.0,67.0,0.0,0.0,0.0,0.0,378.3922622,46.9,1
Rwampara,2026-07-03,49,333.0,69.0,0.0,0.0,0.0,0.0,378.3922622,46.9,1
Rwampara,2026-07-04,50,344.0,71.0,0.0,0.0,0.0,0.0,378.3922622,46.9,1
Rwampara,2026-07-05,51,349.0,72.0,0.0,0.0,0.0,0.0,378.3922622,46.9,1
Rwampara,2026-07-06,52,357.0,75.0,0.0,0.0,0.0,0.0,378.3922622,46.9,1
Rwampara,2026-07-07,53,364.0,76.0,0.0,0.0,0.0,0.0,378.3922622,46.9,1
Rwampara,2026-07-08,54,370.0,80.0,0.0,0.0,0.0,0.0,378.3922622,46.9,1
Rwampara,2026-07-09,55,373.0,83.0,0.0,0.0,0.0,0.0,378.3922622,46.9,1
Rwampara,2026-07-10,56,384.0,89.0,0.0,0.0,0.0,0.0,378.3922622,46.9,1
Tchomia,2026-06-09,0,2.0,0.0,0.0,0.0,0.0,0.0,228.7794806,83.3,0
Tchomia,2026-06-10,1,2.0,0.0,0.0,0.0,0.0,0.0,228.7794806,83.3,0
Tchomia,2026-06-11,2,2.0,0.0,0.0,0.0,0.0,0.0,228.7794806,83.3,0
Tchomia,2026-06-13,4,2.0,0.0,0.0,0.0,0.0,0.0,228.7794806,83.3,0
Tchomia,2026-06-14,5,2.0,0.0,0.0,0.0,0.0,0.0,228.7794806,83.3,1
Tchomia,2026-06-15,6,2.0,0.0,0.0,0.0,0.0,0.0,228.7794806,83.3,1
Tchomia,2026-06-16,7,5.0,0.0,0.0,0.0,0.0,0.0,228.7794806,83.3,1
Tchomia,2026-06-17,8,5.0,0.0,0.0,0.0,0.0,0.0,228.7794806,83.3,1
Tchomia,2026-06-18,9,5.0,0.0,0.0,0.0,0.0,0.0,228.7794806,83.3,1
Tchomia,2026-06-19,10,5.0,0.0,0.0,0.0,0.0,0.0,228.7794806,83.3,1
Tchomia,2026-06-20,11,5.0,0.0,0.0,0.0,0.0,0.0,228.7794806,83.3,1
Tchomia,2026-06-21,12,7.0,0.0,0.0,0.0,0.0,0.0,228.7794806,83.3,1
Tchomia,2026-06-22,13,8.0,0.0,0.0,0.0,0.0,0.0,228.7794806,83.3,1
Tchomia,2026-06-23,14,8.0,0.0,0.0,0.0,0.0,0.0,228.7794806,83.3,1
Tchomia,2026-06-24,15,9.0,0.0,0.0,0.0,0.0,0.0,228.7794806,83.3,1
Tchomia,2026-06-25,16,10.0,0.0,0.0,0.0,0.0,0.0,228.7794806,83.3,1
Tchomia,2026-06-29,20,13.0,2.0,0.0,0.0,0.0,0.0,228.7794806,83.3,1
Tchomia,2026-06-30,21,14.0,2.0,0.0,0.0,0.0,0.0,228.7794806,83.3,1
Tchomia,2026-07-01,22,14.0,2.0,0.0,0.0,0.0,0.0,228.7794806,83.3,1
Tchomia,2026-07-02,23,15.0,2.0,0.0,0.0,0.0,0.0,228.7794806,83.3,1
Tchomia,2026-07-03,24,15.0,2.0,0.0,0.0,0.0,0.0,228.7794806,83.3,1
Tchomia,2026-07-04,25,15.0,2.0,0.0,0.0,0.0,0.0,228.7794806,83.3,1
Tchomia,2026-07-05,26,15.0,2.0,0.0,0.0,0.0,0.0,228.7794806,83.3,1
Tchomia,2026-07-06,27,15.0,2.0,0.0,0.0,0.0,0.0,228.7794806,83.3,1
Tchomia,2026-07-07,28,15.0,2.0,0.0,0.0,0.0,0.0,228.7794806,83.3,1
Tchomia,2026-07-08,29,15.0,2.0,0.0,0.0,0.0,0.0,228.7794806,83.3,1
Tchomia,2026-07-09,30,17.0,4.0,0.0,0.0,0.0,0.0,228.7794806,83.3,1
Tchomia,2026-07-10,31,19.0,4.0,0.0,0.0,0.0,0.0,228.7794806,83.3,0
Vuhovi,2026-06-10,0,1.0,1.0,0.0,0.0,0.0,0.0,380.4127064,252.6,0
Vuhovi,2026-06-11,1,1.0,1.0,0.0,0.0,0.0,0.0,380.4127064,252.6,0
Vuhovi,2026-06-13,3,1.0,1.0,0.0,0.0,0.0,0.0,380.4127064,252.6,0
Vuhovi,2026-06-14,4,1.0,1.0,0.0,0.0,0.0,0.0,380.4127064,252.6,0
Vuhovi,2026-06-15,5,1.0,1.0,0.0,0.0,0.0,0.0,380.4127064,252.6,0
Vuhovi,2026-06-16,6,1.0,0.0,0.0,0.0,0.0,0.0,380.4127064,252.6,0
Vuhovi,2026-06-17,7,1.0,1.0,0.0,0.0,0.0,0.0,380.4127064,252.6,0
Vuhovi,2026-06-18,8,1.0,1.0,0.0,0.0,0.0,0.0,380.4127064,252.6,0
Vuhovi,2026-06-19,9,1.0,1.0,0.0,0.0,0.0,0.0,380.4127064,252.6,0
Vuhovi,2026-06-20,10,1.0,1.0,0.0,0.0,0.0,0.0,380.4127064,252.6,0
Vuhovi,2026-06-21,11,1.0,1.0,0.0,0.0,0.0,0.0,380.4127064,252.6,0
Vuhovi,2026-06-22,12,1.0,1.0,0.0,0.0,0.0,0.0,380.4127064,252.6,0
Vuhovi,2026-06-23,13,1.0,1.0,0.0,0.0,0.0,0.0,380.4127064,252.6,0
Vuhovi,2026-06-24,14,1.0,1.0,0.0,0.0,0.0,0.0,380.4127064,252.6,0
Vuhovi,2026-06-25,15,1.0,1.0,0.0,0.0,0.0,0.0,380.4127064,252.6,0
Vuhovi,2026-06-29,19,1.0,1.0,0.0,0.0,0.0,0.0,380.4127064,252.6,0
Vuhovi,2026-06-30,20,1.0,1.0,0.0,0.0,0.0,0.0,380.4127064,252.6,0
Vuhovi,2026-07-01,21,1.0,1.0,0.0,0.0,0.0,0.0,380.4127064,252.6,0
Vuhovi,2026-07-02,22,1.0,1.0,0.0,0.0,0.0,0.0,380.4127064,252.6,0
Vuhovi,2026-07-03,23,1.0,1.0,0.0,0.0,0.0,0.0,380.4127064,252.6,0
Vuhovi,2026-07-04,24,1.0,1.0,0.0,0.0,0.0,0.0,380.4127064,252.6,0
Vuhovi,2026-07-05,25,1.0,1.0,0.0,0.0,0.0,0.0,380.4127064,252.6,0
Vuhovi,2026-07-06,26,1.0,1.0,0.0,0.0,0.0,0.0,380.4127064,252.6,0
Vuhovi,2026-07-07,27,1.0,1.0,0.0,0.0,0.0,0.0,380.4127064,252.6,0
Vuhovi,2026-07-08,28,1.0,1.0,0.0,0.0,0.0,0.0,380.4127064,252.6,0
Vuhovi,2026-07-09,29,1.0,1.0,0.0,0.0,0.0,0.0,380.4127064,252.6,0
Vuhovi,2026-07-10,30,1.0,1.0,0.0,0.0,0.0,0.0,380.4127064,252.6,0
nan,2026-06-01,0,94.0,10.0,0.0,0.0,0.0,0.0,0.0,-1.0,0
nan,2026-06-02,0,94.0,10.0,0.0,0.0,0.0,0.0,0.0,-1.0,0
nan,2026-06-03,0,97.0,1.0,0.0,0.0,0.0,0.0,0.0,-1.0,0
nan,2026-06-04,0,94.0,10.0,0.0,0.0,0.0,0.0,0.0,-1.0,0
nan,2026-06-05,0,94.0,10.0,0.0,0.0,0.0,0.0,0.0,-1.0,0
nan,2026-06-06,0,94.0,10.0,0.0,0.0,0.0,0.0,0.0,-1.0,0
nan,2026-06-07,0,94.0,10.0,0.0,0.0,0.0,0.0,0.0,-1.0,0
nan,2026-06-08,0,94.0,10.0,0.0,0.0,0.0,0.0,0.0,-1.0,0
nan,2026-06-09,0,94.0,10.0,0.0,0.0,0.0,0.0,0.0,-1.0,0
nan,2026-06-10,0,94.0,10.0,0.0,0.0,0.0,0.0,0.0,-1.0,1
nan,2026-06-11,0,94.0,10.0,0.0,0.0,0.0,0.0,0.0,-1.0,1
nan,2026-06-13,0,94.0,10.0,0.0,0.0,0.0,0.0,0.0,-1.0,1
nan,2026-06-14,0,94.0,10.0,0.0,0.0,0.0,0.0,0.0,-1.0,1
nan,2026-06-15,0,94.0,10.0,0.0,0.0,0.0,0.0,0.0,-1.0,1
nan,2026-06-17,0,17.0,0.0,0.0,0.0,0.0,0.0,0.0,-1.0,1
nan,2026-06-18,0,0.0,0.0,0.0,0.0,0.0,0.0,0.0,-1.0,1
nan,2026-06-19,0,17.0,0.0,0.0,0.0,0.0,0.0,0.0,-1.0,0
nan,2026-06-20,0,17.0,0.0,0.0,0.0,0.0,0.0,0.0,-1.0,0
nan,2026-06-21,0,17.0,0.0,0.0,0.0,0.0,0.0,0.0,-1.0,0
nan,2026-06-22,0,17.0,0.0,0.0,0.0,0.0,0.0,0.0,-1.0,0
nan,2026-06-23,0,17.0,0.0,0.0,0.0,0.0,0.0,0.0,-1.0,0
nan,2026-06-24,0,17.0,0.0,0.0,0.0,0.0,0.0,0.0,-1.0,0
nan,2026-06-25,0,17.0,0.0,0.0,0.0,0.0,0.0,0.0,-1.0,0
nan,2026-06-29,0,17.0,0.0,0.0,0.0,0.0,0.0,0.0,-1.0,0
nan,2026-06-30,0,17.0,0.0,0.0,0.0,0.0,0.0,0.0,-1.0,0
nan,2026-07-01,0,17.0,0.0,0.0,0.0,0.0,0.0,0.0,-1.0,0
nan,2026-07-02,0,17.0,0.0,0.0,0.0,0.0,0.0,0.0,-1.0,0
nan,2026-07-03,0,17.0,0.0,0.0,0.0,0.0,0.0,0.0,-1.0,0
nan,2026-07-04,0,17.0,0.0,0.0,0.0,0.0,0.0,0.0,-1.0,0
nan,2026-07-05,0,17.0,0.0,0.0,0.0,0.0,0.0,0.0,-1.0,0
nan,2026-07-06,0,17.0,0.0,0.0,0.0,0.0,0.0,0.0,-1.0,0
nan,2026-07-07,0,17.0,0.0,0.0,0.0,0.0,0.0,0.0,-1.0,0
nan,2026-07-08,0,17.0,0.0,0.0,0.0,0.0,0.0,0.0,-1.0,0
nan,2026-07-09,0,17.0,0.0,0.0,0.0,0.0,0.0,0.0,-1.0,0
nan,2026-07-10,0,17.0,0.0,0.0,0.0,0.0,0.0,0.0,-1.0,0
